Pattern,System,Message,Callsite
LM,Camel,Stopping JmsReplyManager: {} from processing replies from: {},"[[org.apache.camel.component.jms.JmsProducer.unInitReplyManager, 3, 0.23570226039551587], [org.apache.camel.component.rabbitmq.RabbitMQProducer.unInitReplyManager, 2, 0.1091089451179962]]"
LM,Camel,Error scanning JAR for custom Camel components,"[[org.apache.camel.catalog.nexus.ComponentCatalogNexusRepository.addCustomCamelComponentsFromArtifact, 031], [org.apache.camel.catalog.nexus.ConnectorCatalogNexusRepository.addCustomCamelConnectorFromArtifact, 020]]"
LM,Camel,Create a specific pod require specify a namespace name,"[[org.apache.camel.component.kubernetes.deployments.KubernetesDeploymentsProducer.doCreateDeployment, 1, 0.0], [org.apache.camel.component.kubernetes.pods.KubernetesPodsProducer.doCreatePod, 2, 0.12309149097933275]]"
LM,Camel,Executing Docker Exec Create Request,"[[org.apache.camel.component.docker.producer.AsyncDockerProducer.executeExecStartRequest, 2, 0.5070925528371099], [org.apache.camel.component.docker.producer.DockerProducer.executeExecCreateRequest, 3, 0.5477225575051661]]"
LM,Camel,Executing Docker Kill Container Request,"[[org.apache.camel.component.docker.producer.DockerProducer.executeStopContainerRequest, 1, 0.3651483716701107], [org.apache.camel.component.docker.producer.DockerProducer.executeKillContainerRequest, 2, 0.5477225575051661]]"
LM,Camel,Delete Broker command returned the error code {},"[[org.apache.camel.component.aws.mq.MQProducer.deleteBroker, 2, 0.17677669529663687], [org.apache.camel.component.aws.mq.MQProducer.rebootBroker, 1, 0.17677669529663687]]"
LM,Camel,"Created FTPClient [connectTimeout: {}, soTimeout: {}, dataTimeout: {}, bufferSize: {}, receiveDataSocketBufferSize: {}, sendDataSocketBufferSize: {}]: {}","[[org.apache.camel.component.file.remote.FtpEndpoint.createRemoteFileOperations, 2, 0.04745789978762495], [org.apache.camel.component.file.remote.FtpsEndpoint.createRemoteFileOperations, 1, 0.0]]"
LM,Camel,Subscribe to events for queue: {},"[[org.apache.camel.component.atomix.client.queue.AtomixQueueConsumer.doStart, 1, 0.0], [org.apache.camel.component.atomix.client.value.AtomixValueConsumer.doStart, 0, 0.0]]"
LM,Camel,postPollCheck disconnect from: {},"[[org.apache.camel.component.file.remote.RemoteFileConsumer.processExchange, 0, 0.0], [org.apache.camel.component.file.remote.RemoteFileConsumer.onDone, 0, 0.0], [org.apache.camel.component.file.remote.RemoteFileConsumer.postPollCheck, 3, 0.5000000000000001]]"
LM,Camel,Channel closed but no message received from address: {},"[[org.apache.camel.component.netty4.handlers.ClientChannelHandler.channelInactive, 2, 0.2519763153394848], [org.apache.camel.component.netty.handlers.ClientChannelHandler.channelClosed, 3, 0.2519763153394848]]"
LM,Camel,Rename Droplet {} : [{}],"[[org.apache.camel.component.digitalocean.producer.DigitalOceanDropletsProducer.changeDropletKernel, 2, 0.16903085094570328], [org.apache.camel.component.digitalocean.producer.DigitalOceanDropletsProducer.renameDroplet, 3, 0.18257418583505536]]"
LM,Camel,Trying to update the post {} with id {},"[[org.apache.camel.component.wordpress.producer.WordpressUserProducer.processUpdate, 1, 0.0], [org.apache.camel.component.wordpress.producer.WordpressPostProducer.processUpdate, 2, 0.13483997249264842]]"
LM,Camel,Adding to producer service pool with key: {} for producer: {},"[[org.apache.camel.impl.ProducerCache.doGetProducer, 2, 0.0], [org.apache.camel.impl.ConsumerCache.doGetPollingConsumer, 0, 0.0]]"
LM,Camel,TimeoutEvent received at Sip Subscription Listener,"[[org.apache.camel.component.sip.listener.SipSubscriptionListener.processTimeout, 013], [org.apache.camel.component.sip.listener.SipPresenceAgentListener.processTimeout, 012]]"
LM,CloudStack,Propagating agent change request event: | to agent:,"[[com.cloud.resource.ResourceManagerImpl.propagateResourceEvent, 1, 0.1178511301977579], [com.cloud.agent.manager.ClusteredAgentManagerImpl.propagateAgentEvent, 3, 0.5555555555555556]]"
LM,CloudStack,Failed to retrive the default label for management traffic: | zone: | hypervisor: | due to:,"com.cloud.network.NetworkModelImpl.getDefaultManagementTrafficLabel,com.cloud.network.NetworkModelImpl.getDefaultGuestTrafficLabel"
LM,CloudStack,listVmDetails:Exception:,"[[com.cloud.vm.dao.UserVmDaoImpl.listPodIdsHavingVmsforAccount, 1, 0.31622776601683794], [com.cloud.vm.dao.UserVmDaoImpl.listVmDetails, 2, 0.5]]"
LM,CloudStack,"Failed to attach volume: | , due to","[[com.cloud.hypervisor.kvm.storage.KVMStorageProcessor.dettachVolume, 0, 0.0], [com.cloud.hypervisor.kvm.storage.KVMStorageProcessor.attachVolume, 1, 0.15811388300841897]]"
LM,CloudStack,vCenter API trace - searchDatastore() done,"com.cloud.hypervisor.vmware.mo.HostDatastoreBrowserMO.searchDatastoreSubFolders,com.cloud.hypervisor.vmware.mo.HostDatastoreBrowserMO.searchDatastore"
LM,CloudStack,Ovs Tunnel network created tunnel failed,"[[com.cloud.network.ovs.OvsTunnelManagerImpl.checkAndCreateTunnel, 3, 0.4472135954999579], [com.cloud.network.ovs.OvsTunnelManagerImpl.checkAndCreateVpcTunnelNetworks, 4, 0.40824829046386296]]"
LM,CloudStack,vCenter API trace - detachIso() done(successfully),"[[com.cloud.hypervisor.vmware.mo.VirtualMachineMO.attachIso, 1, 0.16903085094570328], [com.cloud.hypervisor.vmware.mo.VirtualMachineMO.detachIso, 2, 0.33806170189140655]]"
LM,CloudStack,vCenter API trace - detachIso() done(failed),"[[com.cloud.hypervisor.vmware.mo.VirtualMachineMO.attachIso, 1, 0.16903085094570328], [com.cloud.hypervisor.vmware.mo.VirtualMachineMO.detachIso, 2, 0.33806170189140655]]"
LM,CloudStack,Failed to create object :,"[[org.apache.cloudstack.network.opendaylight.api.resources.Action.executePost, 0, 0.0], [com.cloud.network.brocade.BrocadeVcsApi.executeCreateObject, 2, 0.20412414523193154]]"
LM,CloudStack,Failed to update object :,"[[org.apache.cloudstack.network.opendaylight.api.resources.Action.executePut, 0, 0.0], [com.cloud.network.brocade.BrocadeVcsApi.executeUpdateObject, 2, 0.20412414523193154], [org.apache.cloudstack.network.opendaylight.api.resources.Action.executeDelete, 0, 0.0]]"
LM,CloudStack,Failed to delete remote access VPN: domR | is not in right state,"[[com.cloud.network.router.VpcVirtualNetworkApplianceManagerImpl.stopRemoteAccessVpn, 3, 0.17541160386140586], [com.cloud.network.router.VirtualNetworkApplianceManagerImpl.deleteRemoteAccessVpn, 4, 0.18490006540840973]]"
LM,CloudStack,Unable to dedicate host due to,"[[org.apache.cloudstack.dedicated.DedicatedResourceManagerImpl.doInTransaction, 0, 0.0], [org.apache.cloudstack.dedicated.DedicatedResourceManagerImpl.dedicateHost, 1, 0.14433756729740646], [org.apache.cloudstack.dedicated.DedicatedResourceManagerImpl.dedicateCluster, 0, 0.0]]"
LM,CloudStack,No DNS entry found during configuration of NfsSecondaryStorage,"[[com.cloud.agent.resource.consoleproxy.ConsoleProxyResource.configure, 0, 0.0], [org.apache.cloudstack.storage.resource.NfsSecondaryStorageResource.configure, 1, 0.0]]"
LM,CloudStack,error saving vm disk stats to cloud_usage db,"[[com.cloud.user.dao.VmDiskStatisticsDaoImpl.listActiveAndRecentlyDeleted, 1, 0.22360679774997896], [com.cloud.usage.dao.UsageDaoImpl.updateVmDiskStats, 3, 0.26726124191242434], [com.cloud.usage.dao.UsageDaoImpl.saveVmDiskStats, 4, 0.40089186286863654]]"
LM,CloudStack,Refusing to design this network,"[[com.cloud.network.guru.OvsGuestNetworkGuru.implement, 0, 0.19999999999999996], [com.cloud.network.guru.NiciraNvpGuestNetworkGuru.design, 1, 0.3651483716701107], [org.apache.cloudstack.network.contrail.management.ContrailGuru.design, 1, 0.2581988897471611], [com.cloud.network.guru.OvsGuestNetworkGuru.design, 1, 0.3999999999999999], [com.cloud.network.guru.BrocadeVcsGuestNetworkGuru.design, 1, 0.3651483716701107], [org.apache.cloudstack.network.opendaylight.OpendaylightGuestNetworkGuru.design, 1, 0.3999999999999999]]"
LM,CloudStack,Failed to introduce object,"[[com.cloud.hypervisor.xenserver.resource.XenServerStorageProcessor.introduceObject, 2, 0.20412414523193154], [com.cloud.hypervisor.xenserver.resource.XenServerStorageProcessor.forgetObject, 1, 0.20412414523193154]]"
LM,CloudStack,error saving account to cloud_usage db,"[[com.cloud.usage.dao.UsageDaoImpl.updateAccounts, 2, 0.0], [com.cloud.usage.dao.UsageDaoImpl.saveAccounts, 3, 0.18257418583505536]]"
LM,CloudStack,error saving user stats to cloud_usage db,"[[com.cloud.usage.dao.UsageDaoImpl.updateUserStats, 3, 0.1543033499620919], [com.cloud.user.dao.UserStatisticsDaoImpl.listActiveAndRecentlyDeleted, 1, 0.1259881576697424], [com.cloud.usage.dao.UsageDaoImpl.saveUserStats, 4, 0.3086066999241838]]"
LM,CloudStack,Failed to apply port forwarding rules for ip id=,"[[com.cloud.network.firewall.FirewallManagerImpl.revokeFirewallRulesForVm, 0, 0.10540925533894598], [com.cloud.network.rules.RulesManagerImpl.revokePortForwardingRulesForVm, 1, 0.20100756305184242]]"
LM,CloudStack,unable to add baremetal RCT[%s],"[[org.apache.cloudstack.api.DeleteBaremetalRctCmd.execute, 0, 0.0], [org.apache.cloudstack.api.AddBaremetalRctCmd.execute, 1, 0.18257418583505536]]"
LM,CloudStack,Can't attach a iso which is not created on nfs:,"[[com.cloud.hypervisor.xenserver.resource.XenServerStorageProcessor.dettachIso, 1, 0.12909944487358058], [com.cloud.hypervisor.xenserver.resource.XenServerStorageProcessor.attachIso, 2, 0.25819888974716115]]"
LM,CloudStack,Process host VM state report from ping process. host:,"[[com.cloud.vm.VirtualMachinePowerStateSyncImpl.processHostVmStateReport, 2, 0.6153846153846154], [com.cloud.vm.VirtualMachinePowerStateSyncImpl.processHostVmStatePingReport, 3, 0.6671243849949912]]"
LM,CloudStack,Can not find the groupid | for scaling up,"[[com.cloud.network.as.AutoScaleManagerImpl.doScaleUp, 3, 0.35355339059327373], [com.cloud.network.as.AutoScaleManagerImpl.doScaleDown, 2, 0.2357022603955158]]"
LM,CloudStack,POST request to | with contents,"[[com.cloud.hypervisor.hyperv.resource.HypervDirectConnectResource.postHttpRequest, 2, 0.33806170189140655], [com.cloud.network.resource.NetScalerControlCenterResource.postHttpRequest, 2, 0.31622776601683794], [com.cloud.network.resource.NetScalerControlCenterResource.getHttpRequest, 1, 0.15811388300841897]]"
LM,CloudStack,Unable to initialize inaccurate clock,"[[com.cloud.utils.time.InaccurateClock.InaccurateClock, 2, 0.31622776601683794], [com.cloud.network.resource.NuageVspResource.stop, 0, 0.0]]"
LM,CloudStack,Failed to remove group due to:,"[[org.apache.cloudstack.cloudian.client.CloudianClient.updateGroup, 1, 0.17677669529663687], [org.apache.cloudstack.cloudian.client.CloudianClient.removeGroup, 2, 0.17677669529663687]]"
LM,CloudStack,Virtual router elemnt doesn't need to apply firewall rules on the backend; virtual | router doesn't exist in the network,"[[com.cloud.network.element.OvsElement.applyLBRules, 1, 0.0], [com.cloud.network.element.VpcVirtualRouterElement.applyNetworkACLs, 4, 0.3402069087198858], [com.cloud.network.element.VirtualRouterElement.applyPFRules, 3, 0.31426968052735443], [com.cloud.network.element.VirtualRouterElement.applyFWRules, 3, 0.31426968052735443]]"
LM,ElasticSearch,cannot mlockall because JNA is not available,"org.elasticsearch.bootstrap.Natives.tryMlockall,org.elasticsearch.bootstrap.Natives.tryVirtualLock"
LM,Flink,Failed to notify KvStateRegistry about registration {}.,"org.apache.flink.runtime.jobmaster.JobMaster.notifyKvStateRegistered, org.apache.flink.runtime.jobmaster.JobMaster.notifyKvStateUnregistered"
LM,Flink,Failed to close socket.,"[[org.apache.flink.python.api.streaming.plan.PythonPlanStreamer.finishPlanMode, 0, 0.0], [org.apache.flink.python.api.streaming.plan.PythonPlanStreamer.close, 1, 0.25]]"
LM,Flink,Error notifying leader listener about new leader,"[[org.apache.flink.runtime.highavailability.nonha.leaderelection.SingleLeaderElectionService.errorOnGrantLeadership, 2, 0.35355339059327373], [org.apache.flink.runtime.highavailability.nonha.embedded.EmbeddedLeaderService.run, 1, 0.3333333333333333], [org.apache.flink.runtime.highavailability.nonha.leaderelection.SingleLeaderElectionService.run, 1, 0.29814239699997197]]"
LM,Flink,Close previous DBOptions's instance failed.,"[[org.apache.flink.contrib.streaming.state.RocksDBResource.createColumnOptions, 2, 0.16666666666666669], [org.apache.flink.contrib.streaming.state.RocksDBResource.RocksDBResource, 2, 0.23570226039551587], [org.apache.flink.contrib.streaming.state.RocksDBResource.createDBOptions, 3, 0.2886751345948129]]"
LM,Hadoop,Failed to get nodes report,"[[org.apache.hadoop.yarn.server.router.webapp.FederationInterceptorREST.getNodes, 1, 0.19999999999999996], [org.apache.hadoop.yarn.server.router.webapp.FederationInterceptorREST.getClusterMetricsInfo, 0, 0.16903085094570328]]"
LM,Hadoop,Failed to launch container due to configuration error.,"[[org.apache.hadoop.yarn.server.nodemanager.containermanager.launcher.ContainerLaunch.call, 1, 0.18257418583505536], [org.apache.hadoop.yarn.server.nodemanager.containermanager.launcher.ContainerRelaunch.call, 0, 0.0]]"
LM,Hadoop,Storing token,"org.apache.hadoop.yarn.server.timeline.security.TimelineV1DelegationTokenSecretManagerService.removeStoredToken,org.apache.hadoop.yarn.server.timeline.security.TimelineV1DelegationTokenSecretManagerService.storeNewToken"
LM,Hadoop,Error putting entities,"[[org.apache.hadoop.yarn.server.timeline.webapp.TimelineWebServices.postEntities, 0, 0.0], [org.apache.hadoop.yarn.server.timelineservice.collector.TimelineCollectorWebService.putEntities, 1, 0.23570226039551587]]"
LM,Hadoop,Initiating Multipart upload,"[[org.apache.hadoop.fs.s3a.S3ABlockOutputStream.uploadCurrentBlock, 1, 0.18257418583505536], [org.apache.hadoop.fs.s3a.S3AFileSystem.initiateMultiPartUpload, 2, 0.20412414523193148]]"
LM,Hadoop,Unable to create a new ApplicationId in SubCluster,"[[org.apache.hadoop.yarn.server.router.webapp.FederationInterceptorREST.createNewApplication, 2, 0.12909944487358058], [org.apache.hadoop.yarn.server.router.clientrm.FederationClientInterceptor.getNewApplication, 1, 0.12909944487358058]]"
LM,Hadoop,Force killing application:,"[[org.apache.hadoop.yarn.server.router.webapp.MockDefaultRequestInterceptorREST.updateAppState, 1, 0.0], [org.apache.hadoop.yarn.server.MockResourceManagerFacade.forceKillApplication, 2, 0.2182178902359924]]"
LM,Hadoop,Sending signal to pid | as user | for container,"[[org.apache.hadoop.yarn.server.nodemanager.containermanager.launcher.ContainerLaunch.signalContainer, 1, 0.14433756729740646], [org.apache.hadoop.yarn.server.nodemanager.containermanager.launcher.ContainerLaunch.cleanupContainer, 0, 0.0]]"
LM,Hadoop,getNewApplication try # | on SubCluster,"org.apache.hadoop.yarn.server.router.webapp.FederationInterceptorREST.createNewApplication,org.apache.hadoop.yarn.server.router.clientrm.FederationClientInterceptor.getNewApplication"
LM,Kafka,Invalid connector status type {},"[[org.apache.kafka.connect.storage.KafkaStatusBackingStore.parseTaskStatus, 2, 0.0], [org.apache.kafka.connect.storage.KafkaStatusBackingStore.parseConnectorStatus, 3, 0.16666666666666666]]"
LM,Kafka,Skipping reconfiguration of connector {} since it is not running,"[[org.apache.kafka.connect.runtime.distributed.DistributedHerder.reconfigureConnector, 2, 0.16666666666666666], [org.apache.kafka.connect.runtime.standalone.StandaloneHerder.updateConnectorTasks, 1, 0.14907119849998599]]"
LM,Kafka,Failed to close consumer due to the following error:,"[[org.apache.kafka.streams.processor.internals.StreamThread.completeShutdown, 0, 0.0], [org.apache.kafka.streams.processor.internals.GlobalStreamThread.close, 1, 0.15075567228888181]]"
LM,Wicket,Storing synchronously page with id '{}' in session '{}',"[[org.apache.wicket.pageStore.AsynchronousDataStore.storeData, 2, 0.2519763153394848], [org.apache.wicket.pageStore.AsynchronousPageStore.storePage, 4, 0.5039526306789696]]"
IC,Hadoop,Problem connecting to server: <position>org.apache.hadoop.hdfs.server.datanode.BPServiceActor.retrieveNamespaceInfo81528547</position>,
IC,CloudStack,Moving on to the next host because | is unavailable <position>com.cloud.ha.KVMFencer.fenceOff32103700</position>,
IC,CloudStack,Moving on to the next host because | is unavailable <position>com.cloud.ha.XenServerFencer.fenceOff25973533</position>,
IC,CloudStack,Moving on to the next host because | is unavailable <position>com.cloud.ovm.hypervisor.OvmFencer.fenceOff29393541</position>,
IC,CloudStack,Moving on to the next host because | is unavailable <position>com.cloud.ha.SimulatorFencer.fenceOff30393689</position>,
IC,CloudStack,VM | is in Running status <position>com.cloud.hypervisor.xenserver.resource.CitrixResourceBase.startVM216713217717</position>,
IC,Hadoop,Failed to stop Container | when stopping NMClientImpl <position>org.apache.hadoop.yarn.client.api.impl.NMClientImpl.cleanupRunningContainers51235580</position>,
IC,Hadoop,couldn't parse Token Cache JSON file with user secret keys <position>org.apache.hadoop.mapreduce.JobSubmitter.readTokensFromFiles1519115630</position>,
IC,Hadoop,Failed to purge <position>org.apache.hadoop.fs.aliyun.oss.AliyunOSSFileSystemStore.purge2081521238</position>,
IC,Hadoop,Interrupted while waiting for exit code from <position>org.apache.hadoop.yarn.server.nodemanager.containermanager.launcher.RecoveredContainerLaunch.call33884641</position>,
IC,CloudStack,Connection to AMQP service is lost. Subscription: | will be active after reconnection <position>org.apache.cloudstack.mom.rabbitmq.RabbitMQEventBus.subscribe712110071</position>,
IC,CloudStack,"Error initializing command | , field | is not accessible. <position>com.cloud.api.dispatch.ParamProcessWorker.processParameters889113278</position>",
IC,CloudStack,Failed to write key to <position>com.cloud.server.ConfigurationServerImpl.writeKeyToDisk3824738937</position>,
IC,Wicket,Cannot find setter corresponding to <position>org.apache.wicket.core.util.lang.PropertyResolver.findSetter2635327122</position>,
IC,Camel,Unable to obtain a RabbitMQ channel. Will try again <position>org.apache.camel.component.rabbitmq.RabbitConsumer.handleShutdownSignal1007710834</position>,
IC,ElasticSearch,Failed to open / find files while reading metadata snapshot <position>org.elasticsearch.index.store.Store.readMetadataSnapshot2094721646</position>,
IC,Cassandra,Unable to read fd field from FileChannel <position>org.apache.cassandra.utils.NativeLibrary.getfd1080711063</position>,
LM-RQ3,Hadoop,Error closing writer for JobID:,"[[org.apache.hadoop.mapreduce.jobhistory.JobHistoryEventHandler.closeEventWriter, 3, 0.4082482904638631], [org.apache.hadoop.mapreduce.jobhistory.JobHistoryEventHandler.closeWriter, 3, 0.5000000000000001], [org.apache.hadoop.mapreduce.jobhistory.JobHistoryEventHandler.processDoneFiles, 1, 0.1543033499620919]]"
LM-RQ3,Hadoop,Skipping unexpected file in history server token state:,"[[org.apache.hadoop.mapreduce.v2.hs.HistoryServerFileSystemStateStoreService.loadKeys, 4, 0.35355339059327373], [org.apache.hadoop.mapreduce.v2.hs.HistoryServerFileSystemStateStoreService.loadTokens, 5, 0.35355339059327373]]"
LM-RQ3,CloudStack,Unable to create KeyFactory:,"[[org.apache.cloudstack.saml.SAMLUtils.encodePublicKey, 0, 0.0], [org.apache.cloudstack.saml.SAMLUtils.encodePrivateKey, 0, 0.0], [org.apache.cloudstack.utils.security.CertUtils.getKeyFactory, 1, 0.0]]"
LM-RQ3,CloudStack,Unable to create PrivateKey from privateKey string:,"[[org.apache.cloudstack.saml.SAMLUtils.decodePrivateKey, 1, 0.0], [org.apache.cloudstack.saml.SAMLUtils.decodePublicKey, 0, 0.0]]"
IC-RQ3,CloudStack,Failed in auto-renewing certificate for ,<position>org.apache.cloudstack.ca.CAManagerImpl.runInContext1552117889</position>
IC-RQ3,CloudStack,Attempting certificate auto-renewal for ,<position>org.apache.cloudstack.ca.CAManagerImpl.runInContext1552117889</position>
IC-RQ3,CloudStack,Retrying the command NetScalerImplementNetworkCommand retry count: ,<position>com.cloud.network.resource.NetScalerControlCenterResource.execute1587317956</position>
IC-RQ3,CloudStack,Certificate is going to expire for ,<position>org.apache.cloudstack.ca.CAManagerImpl.runInContext1552117889</position>
IC-RQ3,CloudStack,Succeeded in auto-renewing certificate for,<position>org.apache.cloudstack.ca.CAManagerImpl.runInContext1552117889</position>
IE,Flink,Failed to notify KvStateRegistry about registration {}.,"org.apache.flink.runtime.jobmaster.JobMaster.notifyKvStateRegistered, org.apache.flink.runtime.jobmaster.JobMaster.notifyKvStateUnregistered"
IE,Flink,Initialization of jython failed.,"org.apache.flink.streaming.python.util.InterpreterUtils.deserializeFunction, org.apache.flink.streaming.python.util.InterpreterUtils.deserializeFunction"
IE,CloudStack,Moving on to the next host because | is unavailable,"com.cloud.ovm.hypervisor.OvmFencer.fenceOff, com.cloud.hypervisor.ovm3.resources.Ovm3FenceBuilder.fenceOff"
IE,CloudStack,error retrieving usage vm instances for account id:,"com.cloud.usage.dao.UsageDaoImpl.deleteRecordsForAccount, com.cloud.usage.dao.UsageVMInstanceDaoImpl.getUsageRecords"
IE,CloudStack,Failed to send command to host:,"com.cloud.ha.HypervInvestigator.isAgentAlive, com.cloud.ha.Ovm3Investigator.isAgentAlive"
IE,CloudStack,Network rule conflict:,"org.apache.cloudstack.api.command.user.firewall.CreateFirewallRuleCmd.create, org.apache.cloudstack.api.command.user.firewall.CreatePortForwardingRuleCmd.create"