log,callsite
Error while sending record to Kafka:,"[org.apache.flink.streaming.connectors.kafka.FlinkKafkaProducer.onCompletion-error Superclass: org.apache.flink.streaming.connectors.kafka.FlinkKafkaProducer08 , org.apache.flink.streaming.connectors.kafka.FlinkKafkaProducer011.open-error Superclass: org.apache.flink.streaming.api.functions.sink.TwoPhaseCommitSinkFunction , org.apache.flink.streaming.connectors.kafka.FlinkKafkaProducer011.onCompletion-error Superclass: org.apache.flink.streaming.api.functions.sink.TwoPhaseCommitSinkFunction , org.apache.flink.streaming.connectors.kafka.FlinkKafkaProducerBase.open-error Superclass: org.apache.flink.streaming.api.functions.sink.RichSinkFunction , org.apache.flink.streaming.connectors.kafka.FlinkKafkaProducer.open-error Superclass: org.apache.flink.streaming.connectors.kafka.FlinkKafkaProducer08 , org.apache.flink.streaming.connectors.kafka.FlinkKafkaProducerBase.onCompletion-error Superclass: org.apache.flink.streaming.api.functions.sink.RichSinkFunction ]"
Cannot access local server port,"[org.apache.flink.runtime.webmonitor.utils.WebFrontendBootstrap.getServerPort-error Superclass: null , org.apache.flink.mesos.util.MesosArtifactServer.getServerPort-error Superclass: null ]"
Error shutting down actor system,"[org.apache.flink.yarn.YarnApplicationMasterRunner.runApplicationMaster-error Superclass: null , org.apache.flink.mesos.runtime.clusterframework.MesosApplicationMasterRunner.runPrivileged-error Superclass: null , org.apache.flink.mesos.runtime.clusterframework.MesosApplicationMasterRunner.onComplete-error Superclass: null , org.apache.flink.yarn.YarnApplicationMasterRunner.onComplete-error Superclass: null ]"
Could not log YARN environment information.,"[org.apache.flink.yarn.entrypoint.YarnSessionClusterEntrypoint.main-warn Superclass: org.apache.flink.runtime.entrypoint.SessionClusterEntrypoint , org.apache.flink.yarn.entrypoint.YarnJobClusterEntrypoint.main-warn Superclass: org.apache.flink.runtime.entrypoint.JobClusterEntrypoint ]"
Spilling Resettable Iterator closing. Stored | records.,"[org.apache.flink.runtime.operators.resettable.SpillingResettableIterator.close-debug Superclass: null , org.apache.flink.runtime.operators.resettable.SpillingResettableMutableObjectIterator.close-debug Superclass: null ]"
Could not parse the command-line options.,"[org.apache.flink.mesos.entrypoint.MesosSessionClusterEntrypoint.main-error Superclass: org.apache.flink.runtime.entrypoint.SessionClusterEntrypoint , org.apache.flink.mesos.entrypoint.MesosJobClusterEntrypoint.main-error Superclass: org.apache.flink.runtime.entrypoint.JobClusterEntrypoint ]"
Sending a value failed.,"[org.apache.flink.streaming.connectors.cassandra.CassandraRowWriteAheadSink.sendValues-warn Superclass: org.apache.flink.streaming.runtime.operators.GenericWriteAheadSink , org.apache.flink.streaming.connectors.cassandra.CassandraTupleWriteAheadSink.sendValues-warn Superclass: org.apache.flink.streaming.runtime.operators.GenericWriteAheadSink ]"
Error while sending value.,"[org.apache.flink.streaming.connectors.cassandra.CassandraSinkBase.onFailure-error Superclass: org.apache.flink.streaming.api.functions.sink.RichSinkFunction , org.apache.flink.streaming.connectors.cassandra.CassandraSinkBase.open-error Superclass: org.apache.flink.streaming.api.functions.sink.RichSinkFunction , org.apache.flink.streaming.connectors.cassandra.CassandraTupleWriteAheadSink.onFailure-error Superclass: org.apache.flink.streaming.runtime.operators.GenericWriteAheadSink , org.apache.flink.streaming.connectors.cassandra.CassandraTupleWriteAheadSink.sendValues-error Superclass: org.apache.flink.streaming.runtime.operators.GenericWriteAheadSink , org.apache.flink.streaming.connectors.cassandra.CassandraRowWriteAheadSink.onFailure-error Superclass: org.apache.flink.streaming.runtime.operators.GenericWriteAheadSink , org.apache.flink.streaming.connectors.cassandra.CassandraRowWriteAheadSink.sendValues-error Superclass: org.apache.flink.streaming.runtime.operators.GenericWriteAheadSink ]"
Starting FlinkKafkaProducer ({}/{}) to produce into default topic {},"[org.apache.flink.streaming.connectors.kafka.FlinkKafkaProducer011.initProducer-info Superclass: org.apache.flink.streaming.api.functions.sink.TwoPhaseCommitSinkFunction , org.apache.flink.streaming.connectors.kafka.FlinkKafkaProducerBase.open-info Superclass: org.apache.flink.streaming.api.functions.sink.RichSinkFunction ]"
Producer implementation does not support metrics,"[org.apache.flink.streaming.connectors.kafka.FlinkKafkaProducer011.initProducer-info Superclass: org.apache.flink.streaming.api.functions.sink.TwoPhaseCommitSinkFunction , org.apache.flink.streaming.connectors.kafka.FlinkKafkaProducer.initProducer-info Superclass: org.apache.flink.streaming.connectors.kafka.FlinkKafkaProducer08 , org.apache.flink.streaming.connectors.kafka.FlinkKafkaProducerBase.open-info Superclass: org.apache.flink.streaming.api.functions.sink.RichSinkFunction ]"
Attempting to resume transaction {} with producerId {} and epoch {},"[org.apache.flink.streaming.connectors.kafka.internal.FlinkKafkaInternalProducer.resumeTransaction-info Superclass: null , org.apache.flink.streaming.connectors.kafka.internal.FlinkKafkaProducer.resumeTransaction-info Superclass: null ]"
Unable to do code analysis due to missing type information.,"[org.apache.flink.api.java.operators.UdfOperatorUtils.analyzeSingleInputUdf-debug Superclass: null , org.apache.flink.api.java.operators.UdfOperatorUtils.analyzeDualInputUdf-debug Superclass: null ]"
Code analysis failed.,"[org.apache.flink.api.java.operators.UdfOperatorUtils.analyzeSingleInputUdf-debug Superclass: null , org.apache.flink.api.java.operators.UdfOperatorUtils.analyzeDualInputUdf-debug Superclass: null ]"
SynchronousChainedCombineDriver object reuse: | ENABLED | .,"[org.apache.flink.runtime.operators.chaining.SynchronousChainedCombineDriver.openTask-debug Superclass: org.apache.flink.runtime.operators.chaining.ChainedDriver , org.apache.flink.runtime.operators.chaining.GroupCombineChainedDriver.openTask-debug Superclass: org.apache.flink.runtime.operators.chaining.ChainedDriver ]"
Unexpected problem while getting the file statistics:,"[org.apache.flink.api.java.hadoop.mapred.HadoopInputFormatBase.getStatistics-error Superclass: org.apache.flink.api.java.hadoop.common.HadoopInputFormatCommonBase , org.apache.flink.api.java.hadoop.mapreduce.HadoopInputFormatBase.getStatistics-error Superclass: org.apache.flink.api.java.hadoop.common.HadoopInputFormatCommonBase ]"
starting iteration [ | ],"[org.apache.flink.runtime.iterative.task.IterationTailTask.run-info Superclass: org.apache.flink.runtime.iterative.task.AbstractIterativeTask , org.apache.flink.runtime.iterative.task.IterationIntermediateTask.run-info Superclass: org.apache.flink.runtime.iterative.task.AbstractIterativeTask , org.apache.flink.runtime.iterative.task.IterationSynchronizationSinkTask.invoke-info Superclass: org.apache.flink.runtime.jobgraph.tasks.AbstractInvokable , org.apache.flink.runtime.iterative.task.IterationHeadTask.run-info Superclass: org.apache.flink.runtime.iterative.task.AbstractIterativeTask ]"
finishing iteration [ | ],"[org.apache.flink.runtime.iterative.task.IterationTailTask.run-info Superclass: org.apache.flink.runtime.iterative.task.AbstractIterativeTask , org.apache.flink.runtime.iterative.task.IterationIntermediateTask.run-info Superclass: org.apache.flink.runtime.iterative.task.AbstractIterativeTask , org.apache.flink.runtime.iterative.task.IterationSynchronizationSinkTask.invoke-info Superclass: org.apache.flink.runtime.jobgraph.tasks.AbstractInvokable , org.apache.flink.runtime.iterative.task.IterationHeadTask.run-info Superclass: org.apache.flink.runtime.iterative.task.AbstractIterativeTask ]"
Could not determine statistics due to an io error:,"[org.apache.flink.api.java.hadoop.mapred.HadoopInputFormatBase.getStatistics-warn Superclass: org.apache.flink.api.java.hadoop.common.HadoopInputFormatCommonBase , org.apache.flink.api.java.hadoop.mapreduce.HadoopInputFormatBase.getStatistics-warn Superclass: org.apache.flink.api.java.hadoop.common.HadoopInputFormatCommonBase ]"
An Exception was thrown during error notification of a remote input channel.,"[org.apache.flink.runtime.io.network.netty.PartitionRequestClientHandler.notifyAllChannelsOfErrorAndClose-warn Superclass: org.apache.flink.shaded.netty4.io.netty.channel.ChannelInboundHandlerAdapter , org.apache.flink.runtime.io.network.netty.CreditBasedPartitionRequestClientHandler.notifyAllChannelsOfErrorAndClose-warn Superclass: org.apache.flink.shaded.netty4.io.netty.channel.ChannelInboundHandlerAdapter ]"
Error while registering metric.,"[org.apache.flink.runtime.metrics.MetricRegistryImpl.register-warn Superclass: null , org.apache.flink.runtime.metrics.MetricRegistryImpl.unregister-warn Superclass: null ]"
Could not create file for checking if truncate works.,"[org.apache.flink.streaming.connectors.fs.bucketing.BucketingSink.reflectTruncate-error Superclass: org.apache.flink.streaming.api.functions.sink.RichSinkFunction , org.apache.flink.streaming.connectors.fs.RollingSink.reflectTruncate-error Superclass: org.apache.flink.streaming.api.functions.sink.RichSinkFunction ]"
Could not delete truncate test file.,"[org.apache.flink.streaming.connectors.fs.bucketing.BucketingSink.reflectTruncate-error Superclass: org.apache.flink.streaming.api.functions.sink.RichSinkFunction , org.apache.flink.streaming.connectors.fs.RollingSink.reflectTruncate-error Superclass: org.apache.flink.streaming.api.functions.sink.RichSinkFunction ]"
Truncate is not supported.,"[org.apache.flink.streaming.connectors.fs.RollingSink.reflectTruncate-debug Superclass: org.apache.flink.streaming.api.functions.sink.RichSinkFunction , org.apache.flink.streaming.connectors.fs.bucketing.BucketingSink.reflectTruncate-debug Superclass: org.apache.flink.streaming.api.functions.sink.RichSinkFunction ]"
Could not parse command line arguments {}.,"[org.apache.flink.container.entrypoint.StandaloneJobClusterEntryPoint.main-error Superclass: org.apache.flink.runtime.entrypoint.JobClusterEntrypoint , org.apache.flink.runtime.entrypoint.StandaloneSessionClusterEntrypoint.main-error Superclass: org.apache.flink.runtime.entrypoint.SessionClusterEntrypoint ]"
Unable to load requested file {} from classloader,"[org.apache.flink.runtime.webmonitor.history.HistoryServerStaticFileServerHandler.respondWithFile-debug Superclass: org.apache.flink.shaded.netty4.io.netty.channel.SimpleChannelInboundHandler , org.apache.flink.runtime.rest.handler.legacy.files.StaticFileServerHandler.respondToRequest-debug Superclass: org.apache.flink.runtime.rest.handler.RedirectHandler ]"
Loading missing file from classloader: {},"[org.apache.flink.runtime.webmonitor.history.HistoryServerStaticFileServerHandler.respondWithFile-debug Superclass: org.apache.flink.shaded.netty4.io.netty.channel.SimpleChannelInboundHandler , org.apache.flink.runtime.rest.handler.legacy.files.StaticFileServerHandler.respondToRequest-debug Superclass: org.apache.flink.runtime.rest.handler.RedirectHandler ]"
Responding with file ',"[org.apache.flink.runtime.webmonitor.history.HistoryServerStaticFileServerHandler.respondWithFile-debug Superclass: org.apache.flink.shaded.netty4.io.netty.channel.SimpleChannelInboundHandler , org.apache.flink.runtime.rest.handler.legacy.files.StaticFileServerHandler.respondToRequest-debug Superclass: org.apache.flink.runtime.rest.handler.RedirectHandler ]"
Failed to serve file.,"[org.apache.flink.runtime.rest.handler.legacy.files.StaticFileServerHandler.respondToRequest-error Superclass: org.apache.flink.runtime.rest.handler.RedirectHandler , org.apache.flink.runtime.webmonitor.history.HistoryServerStaticFileServerHandler.respondWithFile-error Superclass: org.apache.flink.shaded.netty4.io.netty.channel.SimpleChannelInboundHandler ]"
Responding 'NOT MODIFIED' for file ',"[org.apache.flink.runtime.webmonitor.history.HistoryServerStaticFileServerHandler.respondWithFile-debug Superclass: org.apache.flink.shaded.netty4.io.netty.channel.SimpleChannelInboundHandler , org.apache.flink.runtime.rest.handler.legacy.files.StaticFileServerHandler.respondToRequest-debug Superclass: org.apache.flink.runtime.rest.handler.RedirectHandler ]"
error while responding,"[org.apache.flink.runtime.rest.handler.legacy.files.StaticFileServerHandler.respondToRequest-error Superclass: org.apache.flink.runtime.rest.handler.RedirectHandler , org.apache.flink.runtime.webmonitor.history.HistoryServerStaticFileServerHandler.respondWithFile-error Superclass: org.apache.flink.shaded.netty4.io.netty.channel.SimpleChannelInboundHandler ]"
Writing valid-length file for {} to specify valid length {},"[org.apache.flink.streaming.connectors.fs.bucketing.BucketingSink.handlePendingInProgressFile-debug Superclass: org.apache.flink.streaming.api.functions.sink.RichSinkFunction , org.apache.flink.streaming.connectors.fs.RollingSink.handleRestoredBucketState-debug Superclass: org.apache.flink.streaming.api.functions.sink.RichSinkFunction ]"
Trying to recover file lease {},"[org.apache.flink.streaming.connectors.fs.bucketing.BucketingSink.handlePendingInProgressFile-debug Superclass: org.apache.flink.streaming.api.functions.sink.RichSinkFunction , org.apache.flink.streaming.connectors.fs.RollingSink.handleRestoredBucketState-debug Superclass: org.apache.flink.streaming.api.functions.sink.RichSinkFunction ]"
Truncating {} to valid length {},"[org.apache.flink.streaming.connectors.fs.bucketing.BucketingSink.handlePendingInProgressFile-debug Superclass: org.apache.flink.streaming.api.functions.sink.RichSinkFunction , org.apache.flink.streaming.connectors.fs.RollingSink.handleRestoredBucketState-debug Superclass: org.apache.flink.streaming.api.functions.sink.RichSinkFunction ]"
"Truncate did not immediately complete for {}, waiting...","[org.apache.flink.streaming.connectors.fs.bucketing.BucketingSink.handlePendingInProgressFile-debug Superclass: org.apache.flink.streaming.api.functions.sink.RichSinkFunction , org.apache.flink.streaming.connectors.fs.RollingSink.handleRestoredBucketState-debug Superclass: org.apache.flink.streaming.api.functions.sink.RichSinkFunction ]"
"In-progress file {} is still in-progress, moving to final location.","[org.apache.flink.streaming.connectors.fs.bucketing.BucketingSink.handlePendingInProgressFile-debug Superclass: org.apache.flink.streaming.api.functions.sink.RichSinkFunction , org.apache.flink.streaming.connectors.fs.RollingSink.handleRestoredBucketState-debug Superclass: org.apache.flink.streaming.api.functions.sink.RichSinkFunction ]"
Could not invoke truncate.,"[org.apache.flink.streaming.connectors.fs.RollingSink.handleRestoredBucketState-error Superclass: org.apache.flink.streaming.api.functions.sink.RichSinkFunction , org.apache.flink.streaming.connectors.fs.bucketing.BucketingSink.handlePendingInProgressFile-error Superclass: org.apache.flink.streaming.api.functions.sink.RichSinkFunction ]"
In-Progress file {} was already moved to final location {}.,"[org.apache.flink.streaming.connectors.fs.bucketing.BucketingSink.handlePendingInProgressFile-debug Superclass: org.apache.flink.streaming.api.functions.sink.RichSinkFunction , org.apache.flink.streaming.connectors.fs.RollingSink.handleRestoredBucketState-debug Superclass: org.apache.flink.streaming.api.functions.sink.RichSinkFunction ]"
Launching Mesos task {} on host {}.,"[org.apache.flink.mesos.runtime.clusterframework.MesosResourceManager.acceptOffers-info Superclass: org.apache.flink.runtime.resourcemanager.ResourceManager , org.apache.flink.mesos.runtime.clusterframework.MesosFlinkResourceManager.acceptOffers-info Superclass: org.apache.flink.runtime.clusterframework.FlinkResourceManager ]"
Failed to notify KvStateRegistry about registration {}.,"[org.apache.flink.runtime.jobmaster.JobMaster.notifyKvStateRegistered-error Superclass: org.apache.flink.runtime.rpc.FencedRpcEndpoint , org.apache.flink.runtime.jobmaster.JobMaster.notifyKvStateUnregistered-error Superclass: org.apache.flink.runtime.rpc.FencedRpcEndpoint ]"
{}: Released {}.,"[org.apache.flink.runtime.io.network.partition.PipelinedSubpartition.release-debug Superclass: org.apache.flink.runtime.io.network.partition.ResultSubpartition , org.apache.flink.runtime.io.network.partition.SpillableSubpartition.release-debug Superclass: org.apache.flink.runtime.io.network.partition.ResultSubpartition ]"
Created Elasticsearch TransportClient with connected nodes {},"[org.apache.flink.streaming.connectors.elasticsearch2.Elasticsearch2ApiCallBridge.createClient-info Superclass: null , org.apache.flink.streaming.connectors.elasticsearch.Elasticsearch1ApiCallBridge.createClient-info Superclass: null , org.apache.flink.streaming.connectors.elasticsearch5.Elasticsearch5ApiCallBridge.createClient-info Superclass: null ]"
ResourceID assigned for this container: {},"[org.apache.flink.mesos.entrypoint.MesosTaskExecutorRunner.main-info Superclass: null , org.apache.flink.yarn.YarnTaskManagerRunnerFactory.create-info Superclass: null , org.apache.flink.mesos.runtime.clusterframework.MesosTaskManagerRunner.runTaskManager-info Superclass: null ]"
Failed to load the TaskManager configuration and dynamic properties.,"[org.apache.flink.mesos.entrypoint.MesosTaskExecutorRunner.main-error Superclass: null , org.apache.flink.mesos.runtime.clusterframework.MesosTaskManagerRunner.runTaskManager-error Superclass: null ]"
Cause:,"[org.apache.flink.runtime.query.QueryableStateUtils.createKvStateServer-debug Superclass: null , org.apache.flink.runtime.query.QueryableStateUtils.createKvStateClientProxy-debug Superclass: null ]"
Mesos dynamic properties: {},"[org.apache.flink.mesos.runtime.clusterframework.MesosTaskManagerRunner.runTaskManager-debug Superclass: null , org.apache.flink.mesos.entrypoint.MesosTaskExecutorRunner.main-debug Superclass: null ]"
Close ResourceManager connection {}.,"[org.apache.flink.runtime.taskexecutor.TaskExecutor.closeResourceManagerConnection-info Superclass: org.apache.flink.runtime.rpc.RpcEndpoint , org.apache.flink.runtime.taskexecutor.TaskExecutor.closeResourceManagerConnection-debug Superclass: org.apache.flink.runtime.rpc.RpcEndpoint , org.apache.flink.runtime.jobmaster.JobMaster.dissolveResourceManagerConnection-debug Superclass: org.apache.flink.runtime.rpc.FencedRpcEndpoint ]"
"Using {} semantic, but checkpointing is not enabled. Switching to {} semantic.","[org.apache.flink.streaming.connectors.kafka.FlinkKafkaProducer011.initializeState-warn Superclass: org.apache.flink.streaming.api.functions.sink.TwoPhaseCommitSinkFunction , org.apache.flink.streaming.connectors.kafka.FlinkKafkaProducer.initializeState-warn Superclass: org.apache.flink.streaming.connectors.kafka.FlinkKafkaProducer08 ]"
Could not stop the leader retrieval service.,"[org.apache.flink.runtime.util.LeaderRetrievalUtils.retrieveLeaderConnectionInfo-warn Superclass: null , org.apache.flink.runtime.util.LeaderRetrievalUtils.retrieveLeaderGateway-warn Superclass: null , org.apache.flink.runtime.util.LeaderRetrievalUtils.findConnectingAddress-warn Superclass: null ]"
Successful shutdown (took {} ms).,"[org.apache.flink.runtime.io.network.netty.NettyServer.shutdown-info Superclass: null , org.apache.flink.runtime.io.network.netty.NettyClient.shutdown-info Superclass: null ]"
TaskManager {} has already been registered at the resource manager.,"[org.apache.flink.mesos.runtime.clusterframework.MesosFlinkResourceManager.reacceptRegisteredWorkers-info Superclass: org.apache.flink.runtime.clusterframework.FlinkResourceManager , org.apache.flink.yarn.YarnFlinkResourceManager.reacceptRegisteredWorkers-info Superclass: org.apache.flink.runtime.clusterframework.FlinkResourceManager ]"
{} received unknown message:,"[org.apache.flink.runtime.client.JobAttachmentClientActor.handleCustomMessage-error Superclass: org.apache.flink.runtime.client.JobClientActor , org.apache.flink.runtime.client.JobSubmissionClientActor.handleCustomMessage-error Superclass: org.apache.flink.runtime.client.JobClientActor ]"
The heartbeat of JobManager with id {} timed out.,"[org.apache.flink.runtime.resourcemanager.ResourceManager.notifyHeartbeatTimeout-info Superclass: org.apache.flink.runtime.rpc.FencedRpcEndpoint , org.apache.flink.runtime.resourcemanager.ResourceManager.run-info Superclass: org.apache.flink.runtime.rpc.FencedRpcEndpoint ]"
Detailed trace,"[org.apache.flink.streaming.connectors.kafka.internals.Kafka08PartitionDiscoverer.getAllTopics-debug Superclass: org.apache.flink.streaming.connectors.kafka.internals.AbstractPartitionDiscoverer , org.apache.flink.streaming.connectors.kafka.internals.Kafka08PartitionDiscoverer.getPartitionLeadersForTopics-debug Superclass: org.apache.flink.streaming.connectors.kafka.internals.AbstractPartitionDiscoverer ]"
Initiating in memory merge.,"[org.apache.flink.runtime.operators.sort.CombiningUnilateralSortMerger.go-debug Superclass: org.apache.flink.runtime.operators.sort.UnilateralSortMerger , org.apache.flink.runtime.operators.sort.UnilateralSortMerger.go-debug Superclass: null ]"
Error while getting metadata from broker {} to find partitions for {}. Error: {}.,"[org.apache.flink.streaming.connectors.kafka.internals.Kafka08PartitionDiscoverer.getAllTopics-warn Superclass: org.apache.flink.streaming.connectors.kafka.internals.AbstractPartitionDiscoverer , org.apache.flink.streaming.connectors.kafka.internals.Kafka08PartitionDiscoverer.getPartitionLeadersForTopics-warn Superclass: org.apache.flink.streaming.connectors.kafka.internals.AbstractPartitionDiscoverer ]"
Releasing unused sort-buffer memory.,"[org.apache.flink.runtime.operators.sort.CombiningUnilateralSortMerger.go-debug Superclass: org.apache.flink.runtime.operators.sort.UnilateralSortMerger , org.apache.flink.runtime.operators.sort.UnilateralSortMerger.go-debug Superclass: null ]"
Error communicating with broker {} to find partitions for {}. {} Message: {},"[org.apache.flink.streaming.connectors.kafka.internals.Kafka08PartitionDiscoverer.getAllTopics-warn Superclass: org.apache.flink.streaming.connectors.kafka.internals.AbstractPartitionDiscoverer , org.apache.flink.streaming.connectors.kafka.internals.Kafka08PartitionDiscoverer.getPartitionLeadersForTopics-warn Superclass: org.apache.flink.streaming.connectors.kafka.internals.AbstractPartitionDiscoverer ]"
Trying to get topic metadata from broker {} in try {}/{},"[org.apache.flink.streaming.connectors.kafka.internals.Kafka08PartitionDiscoverer.getPartitionLeadersForTopics-info Superclass: org.apache.flink.streaming.connectors.kafka.internals.AbstractPartitionDiscoverer , org.apache.flink.streaming.connectors.kafka.internals.Kafka08PartitionDiscoverer.getAllTopics-info Superclass: org.apache.flink.streaming.connectors.kafka.internals.AbstractPartitionDiscoverer ]"
No state to restore for the {} (taskIdx={}).,"[org.apache.flink.streaming.connectors.fs.bucketing.BucketingSink.initializeState-info Superclass: org.apache.flink.streaming.api.functions.sink.RichSinkFunction , org.apache.flink.streaming.api.functions.source.ContinuousFileReaderOperator.initializeState-info Superclass: org.apache.flink.streaming.api.operators.AbstractStreamOperator ]"
Restoring state for the {} (taskIdx={}).,"[org.apache.flink.streaming.connectors.fs.RollingSink.initializeState-info Superclass: org.apache.flink.streaming.api.functions.sink.RichSinkFunction , org.apache.flink.streaming.connectors.fs.bucketing.BucketingSink.initializeState-info Superclass: org.apache.flink.streaming.api.functions.sink.RichSinkFunction , org.apache.flink.streaming.api.functions.source.ContinuousFileReaderOperator.initializeState-info Superclass: org.apache.flink.streaming.api.operators.AbstractStreamOperator ]"
PythonAPI file cleanup failed. {},"[org.apache.flink.streaming.python.api.PythonStreamBinder.runPlan-error Superclass: null , org.apache.flink.python.api.PythonPlanBinder.runPlan-error Superclass: null ]"
not found,"[org.apache.hadoop.conf.Configuration.getConfResourceAsReader-info Superclass: null , org.apache.hadoop.conf.Configuration.getConfResourceAsInputStream-info Superclass: null ]"
Shutting down,"[org.apache.flink.runtime.checkpoint.ZooKeeperCompletedCheckpointStore.shutdown-info Superclass: null , org.apache.flink.runtime.checkpoint.StandaloneCompletedCheckpointStore.shutdown-info Superclass: null ]"
Moving pending files to final location for checkpoint {},"[org.apache.flink.streaming.connectors.fs.bucketing.BucketingSink.notifyCheckpointComplete-debug Superclass: org.apache.flink.streaming.api.functions.sink.RichSinkFunction , org.apache.flink.streaming.connectors.fs.RollingSink.notifyCheckpointComplete-debug Superclass: org.apache.flink.streaming.api.functions.sink.RichSinkFunction ]"
Config uses deprecated configuration key '{}' instead of proper key '{}',"[org.apache.flink.configuration.Configuration.removeConfig-warn Superclass: org.apache.flink.api.common.GlobalJobParameters , org.apache.flink.configuration.Configuration.contains-warn Superclass: org.apache.flink.api.common.GlobalJobParameters , org.apache.flink.configuration.Configuration.getRawValueFromOption-warn Superclass: org.apache.flink.api.common.GlobalJobParameters ]"
Error while starting the TaskManager,"[org.apache.flink.mesos.entrypoint.MesosTaskExecutorRunner.main-error Superclass: null , org.apache.flink.yarn.YarnTaskManagerRunnerFactory.call-error Superclass: null , org.apache.flink.mesos.runtime.clusterframework.MesosTaskManagerRunner.runTaskManager-error Superclass: null ]"
Registering as new framework.,"[org.apache.flink.mesos.runtime.clusterframework.MesosFlinkResourceManager.initialize-info Superclass: org.apache.flink.runtime.clusterframework.FlinkResourceManager , org.apache.flink.mesos.runtime.clusterframework.MesosResourceManager.initialize-info Superclass: org.apache.flink.runtime.resourcemanager.ResourceManager ]"
Adding | /core-site.xml to hadoop configuration,"[org.apache.flink.api.java.hadoop.mapred.utils.HadoopUtils.getHadoopConfiguration-debug Superclass: null , org.apache.flink.runtime.util.HadoopUtils.getHadoopConfiguration-debug Superclass: null ]"
Failed to close socket.,"[org.apache.flink.python.api.streaming.plan.PythonPlanStreamer.finishPlanMode-error Superclass: null , org.apache.flink.python.api.streaming.plan.PythonPlanStreamer.close-error Superclass: null ]"
Could not properly terminate the Flink cluster.,"[org.apache.flink.yarn.cli.FlinkYarnSessionCli.run-info Superclass: org.apache.flink.client.cli.AbstractCustomCommandLine , org.apache.flink.client.cli.CliFrontend.runProgram-info Superclass: null ]"
JobManagerRunner already shutdown.,"[org.apache.flink.runtime.jobmaster.JobManagerRunner.grantLeadership-info Superclass: null , org.apache.flink.runtime.jobmaster.JobManagerRunner.revokeLeadership-info Superclass: null ]"
An exception occurred during the metrics setup.,"[org.apache.flink.runtime.operators.DataSinkTask.invoke-warn Superclass: org.apache.flink.runtime.jobgraph.tasks.AbstractInvokable , org.apache.flink.streaming.runtime.tasks.OperatorChain.ChainingOutput-warn Superclass: null , org.apache.flink.streaming.runtime.io.StreamInputProcessor.processInput-warn Superclass: null , org.apache.flink.runtime.operators.DataSourceTask.invoke-warn Superclass: org.apache.flink.runtime.jobgraph.tasks.AbstractInvokable , org.apache.flink.streaming.runtime.io.StreamTwoInputProcessor.processInput-warn Superclass: null ]"
Error while closing session.,"[org.apache.flink.batch.connectors.cassandra.CassandraPojoOutputFormat.close-error Superclass: org.apache.flink.api.common.io.RichOutputFormat , org.apache.flink.streaming.connectors.cassandra.CassandraSinkBase.close-error Superclass: org.apache.flink.streaming.api.functions.sink.RichSinkFunction , org.apache.flink.streaming.connectors.cassandra.CassandraRowWriteAheadSink.close-error Superclass: org.apache.flink.streaming.runtime.operators.GenericWriteAheadSink , org.apache.flink.streaming.connectors.cassandra.CassandraCommitter.close-error Superclass: org.apache.flink.streaming.runtime.operators.CheckpointCommitter , org.apache.flink.batch.connectors.cassandra.CassandraInputFormatBase.close-error Superclass: org.apache.flink.api.common.io.RichInputFormat , org.apache.flink.streaming.connectors.cassandra.CassandraCommitter.createResource-error Superclass: org.apache.flink.streaming.runtime.operators.CheckpointCommitter , org.apache.flink.streaming.connectors.cassandra.CassandraTupleWriteAheadSink.close-error Superclass: org.apache.flink.streaming.runtime.operators.GenericWriteAheadSink , org.apache.flink.batch.connectors.cassandra.CassandraOutputFormatBase.close-error Superclass: org.apache.flink.api.common.io.RichOutputFormat ]"
Could not properly discard completed checkpoint {}.,"[org.apache.flink.runtime.checkpoint.CheckpointCoordinator.completePendingCheckpoint-warn Superclass: null , org.apache.flink.runtime.checkpoint.CheckpointCoordinator.run-warn Superclass: null ]"
Recovery scenario: re-registering using framework ID {}.,"[org.apache.flink.mesos.runtime.clusterframework.MesosFlinkResourceManager.initialize-info Superclass: org.apache.flink.runtime.clusterframework.FlinkResourceManager , org.apache.flink.mesos.runtime.clusterframework.MesosResourceManager.initialize-info Superclass: org.apache.flink.runtime.resourcemanager.ResourceManager ]"
Creating spilling resettable iterator with | pages of memory.,"[org.apache.flink.runtime.operators.resettable.SpillingResettableMutableObjectIterator.SpillingResettableMutableObjectIterator-debug Superclass: null , org.apache.flink.runtime.operators.resettable.SpillingResettableIterator.SpillingResettableIterator-debug Superclass: null ]"
Record was not sent successful,"[org.apache.flink.streaming.connectors.kinesis.FlinkKinesisProducer.onSuccess-warn Superclass: org.apache.flink.streaming.api.functions.sink.RichSinkFunction , org.apache.flink.streaming.connectors.kinesis.FlinkKinesisProducer.open-warn Superclass: org.apache.flink.streaming.api.functions.sink.RichSinkFunction ]"
Could not delete the checkpoint stream file {}.,"[org.apache.flink.runtime.state.filesystem.FsCheckpointStreamFactory.closeAndGetHandle-warn Superclass: null , org.apache.flink.runtime.state.filesystem.FsCheckpointMetadataOutputStream.closeAndFinalizeCheckpoint-warn Superclass: org.apache.flink.runtime.state.CheckpointMetadataOutputStream , org.apache.flink.runtime.state.filesystem.FileBasedStateOutputStream.closeAndGetHandle-warn Superclass: org.apache.flink.runtime.state.CheckpointStateOutputStream ]"
Failed to run plan.,"[org.apache.flink.streaming.python.api.PythonStreamBinder.main-error Superclass: null , org.apache.flink.python.api.PythonPlanBinder.main-error Superclass: null ]"
Could not cleanup uploaded files.,"[org.apache.flink.runtime.rest.handler.AbstractHandler.cleanupFileUploads-warn Superclass: org.apache.flink.runtime.rest.handler.RedirectHandler , org.apache.flink.runtime.rest.FileUploadHandler.deleteUploadedFiles-warn Superclass: org.apache.flink.shaded.netty4.io.netty.channel.SimpleChannelInboundHandler ]"
Received PUT call for BLOB of job {}.,"[org.apache.flink.runtime.blob.BlobServer.putBuffer-debug Superclass: java.lang.Thread , org.apache.flink.runtime.blob.BlobServer.putInputStream-debug Superclass: java.lang.Thread ]"
Flushing was interrupted.,"[org.apache.flink.streaming.connectors.kinesis.FlinkKinesisProducer.enforceQueueLimit-warn Superclass: org.apache.flink.streaming.api.functions.sink.RichSinkFunction , org.apache.flink.streaming.connectors.kinesis.FlinkKinesisProducer.flushSync-warn Superclass: org.apache.flink.streaming.api.functions.sink.RichSinkFunction ]"
Could not properly shut down the cluster client.,"[org.apache.flink.streaming.api.environment.RemoteStreamEnvironment.executeRemotely-warn Superclass: org.apache.flink.streaming.api.environment.StreamExecutionEnvironment , org.apache.flink.client.cli.CliFrontend.runClusterAction-info Superclass: null ]"
Adding | /hdfs-site.xml to hadoop configuration,"[org.apache.flink.api.java.hadoop.mapred.utils.HadoopUtils.getHadoopConfiguration-debug Superclass: null , org.apache.flink.runtime.util.HadoopUtils.getHadoopConfiguration-debug Superclass: null ]"
Created new bucket directory: {},"[org.apache.flink.streaming.connectors.fs.bucketing.BucketingSink.openNewPartFile-debug Superclass: org.apache.flink.streaming.api.functions.sink.RichSinkFunction , org.apache.flink.streaming.connectors.fs.RollingSink.openNewPartFile-debug Superclass: org.apache.flink.streaming.api.functions.sink.RichSinkFunction ]"
Could not delete the staging file {} for blob key {} and job {}.,"[org.apache.flink.runtime.blob.BlobServer.getFileInternal-warn Superclass: java.lang.Thread , org.apache.flink.runtime.blob.BlobServer.putInputStream-warn Superclass: java.lang.Thread , org.apache.flink.runtime.blob.BlobServer.putBuffer-warn Superclass: java.lang.Thread , org.apache.flink.runtime.blob.AbstractBlobCache.getFileInternal-warn Superclass: null , org.apache.flink.runtime.blob.BlobUtils.moveTempFileToStore-warn Superclass: null ]"
{}: Releasing {}.,"[org.apache.flink.runtime.io.network.partition.consumer.SingleInputGate.releaseAllResources-debug Superclass: null , org.apache.flink.runtime.io.network.partition.ResultPartition.release-debug Superclass: null ]"
found resource | at,"[org.apache.hadoop.conf.Configuration.getConfResourceAsReader-info Superclass: null , org.apache.hadoop.conf.Configuration.getConfResourceAsInputStream-info Superclass: null ]"
Shutting down rest endpoint.,"[org.apache.flink.runtime.rest.RestServerEndpoint.closeAsync-info Superclass: null , org.apache.flink.runtime.rest.RestClient.shutdownInternally-info Superclass: null ]"
Could not close the state stream for {}.,"[org.apache.flink.runtime.state.filesystem.FsCheckpointStreamFactory.close-warn Superclass: null , org.apache.flink.runtime.state.filesystem.FsCheckpointMetadataOutputStream.close-warn Superclass: org.apache.flink.runtime.state.CheckpointMetadataOutputStream , org.apache.flink.runtime.state.filesystem.FileBasedStateOutputStream.close-warn Superclass: org.apache.flink.runtime.state.CheckpointStateOutputStream ]"
Error while closing cluster.,"[org.apache.flink.batch.connectors.cassandra.CassandraPojoOutputFormat.close-error Superclass: org.apache.flink.api.common.io.RichOutputFormat , org.apache.flink.streaming.connectors.cassandra.CassandraSinkBase.close-error Superclass: org.apache.flink.streaming.api.functions.sink.RichSinkFunction , org.apache.flink.streaming.connectors.cassandra.CassandraRowWriteAheadSink.close-error Superclass: org.apache.flink.streaming.runtime.operators.GenericWriteAheadSink , org.apache.flink.streaming.connectors.cassandra.CassandraCommitter.close-error Superclass: org.apache.flink.streaming.runtime.operators.CheckpointCommitter , org.apache.flink.batch.connectors.cassandra.CassandraInputFormatBase.close-error Superclass: org.apache.flink.api.common.io.RichInputFormat , org.apache.flink.streaming.connectors.cassandra.CassandraCommitter.createResource-error Superclass: org.apache.flink.streaming.runtime.operators.CheckpointCommitter , org.apache.flink.streaming.connectors.cassandra.CassandraTupleWriteAheadSink.close-error Superclass: org.apache.flink.streaming.runtime.operators.GenericWriteAheadSink , org.apache.flink.batch.connectors.cassandra.CassandraOutputFormatBase.close-error Superclass: org.apache.flink.api.common.io.RichOutputFormat ]"
The heartbeat of TaskManager with id {} timed out.,"[org.apache.flink.runtime.resourcemanager.ResourceManager.notifyHeartbeatTimeout-info Superclass: org.apache.flink.runtime.rpc.FencedRpcEndpoint , org.apache.flink.runtime.resourcemanager.ResourceManager.run-info Superclass: org.apache.flink.runtime.rpc.FencedRpcEndpoint ]"
Moving pending files to final location on restore.,"[org.apache.flink.streaming.connectors.fs.bucketing.BucketingSink.handlePendingFilesForPreviousCheckpoints-debug Superclass: org.apache.flink.streaming.api.functions.sink.RichSinkFunction , org.apache.flink.streaming.connectors.fs.RollingSink.handleRestoredBucketState-debug Superclass: org.apache.flink.streaming.api.functions.sink.RichSinkFunction ]"
Transport type 'auto': using NIO.,"[org.apache.flink.runtime.io.network.netty.NettyServer.init-info Superclass: null , org.apache.flink.runtime.io.network.netty.NettyClient.init-info Superclass: null ]"
Sorting thread was interrupted (without being shut down) while grabbing a buffer. Retrying to grab buffer...,"[org.apache.flink.runtime.operators.sort.UnilateralSortMerger.go-error Superclass: null , org.apache.flink.runtime.operators.sort.CombiningUnilateralSortMerger.go-error Superclass: org.apache.flink.runtime.operators.sort.UnilateralSortMerger ]"
Releasing sort-buffer memory.,"[org.apache.flink.runtime.operators.sort.CombiningUnilateralSortMerger.go-debug Superclass: org.apache.flink.runtime.operators.sort.UnilateralSortMerger , org.apache.flink.runtime.operators.sort.UnilateralSortMerger.go-debug Superclass: null ]"
Transport type 'auto': using EPOLL.,"[org.apache.flink.runtime.io.network.netty.NettyServer.init-info Superclass: null , org.apache.flink.runtime.io.network.netty.NettyClient.init-info Superclass: null ]"
Encountered error {} while recovering transaction {}. Presumably this transaction has been already committed before,"[org.apache.flink.streaming.connectors.kafka.FlinkKafkaProducer.recoverAndCommit-warn Superclass: org.apache.flink.streaming.connectors.kafka.FlinkKafkaProducer08 , org.apache.flink.streaming.connectors.kafka.FlinkKafkaProducer011.recoverAndCommit-warn Superclass: org.apache.flink.streaming.api.functions.sink.TwoPhaseCommitSinkFunction ]"
{} was shutdown successfully.,"[org.apache.flink.queryablestate.client.proxy.KvStateClientProxyImpl.shutdown-info Superclass: org.apache.flink.queryablestate.network.AbstractServerBase , org.apache.flink.queryablestate.server.KvStateServerImpl.shutdown-info Superclass: org.apache.flink.queryablestate.network.AbstractServerBase ]"
Generated new transactionalIds {},"[org.apache.flink.streaming.connectors.kafka.FlinkKafkaProducer.generateNewTransactionalIds-info Superclass: org.apache.flink.streaming.connectors.kafka.FlinkKafkaProducer08 , org.apache.flink.streaming.connectors.kafka.FlinkKafkaProducer011.generateNewTransactionalIds-info Superclass: org.apache.flink.streaming.api.functions.sink.TwoPhaseCommitSinkFunction ]"
Recovered transactionalIds {},"[org.apache.flink.streaming.connectors.kafka.FlinkKafkaProducer011.finishRecoveringContext-info Superclass: org.apache.flink.streaming.api.functions.sink.TwoPhaseCommitSinkFunction , org.apache.flink.streaming.connectors.kafka.FlinkKafkaProducer.finishRecoveringContext-info Superclass: org.apache.flink.streaming.connectors.kafka.FlinkKafkaProducer08 ]"
Could not schedule or update consumers at the JobManager.,"[org.apache.flink.runtime.taskmanager.ActorGatewayResultPartitionConsumableNotifier.notifyPartitionConsumable-error Superclass: null , org.apache.flink.runtime.taskmanager.ActorGatewayResultPartitionConsumableNotifier.onFailure-error Superclass: null ]"
Finished registering input and output,"[org.apache.flink.runtime.operators.DataSinkTask.invoke-debug Superclass: org.apache.flink.runtime.jobgraph.tasks.AbstractInvokable , org.apache.flink.runtime.operators.DataSourceTask.invoke-debug Superclass: org.apache.flink.runtime.jobgraph.tasks.AbstractInvokable ]"
"Job was executed in detached mode, the results will be available on completion.","[org.apache.flink.streaming.api.environment.StreamContextEnvironment.execute-warn Superclass: org.apache.flink.streaming.api.environment.StreamExecutionEnvironment , org.apache.flink.client.program.DetachedEnvironment.execute-warn Superclass: org.apache.flink.client.program.ContextEnvironment ]"
Next part path is {},"[org.apache.flink.streaming.connectors.fs.bucketing.BucketingSink.openNewPartFile-debug Superclass: org.apache.flink.streaming.api.functions.sink.RichSinkFunction , org.apache.flink.streaming.connectors.fs.RollingSink.openNewPartFile-debug Superclass: org.apache.flink.streaming.api.functions.sink.RichSinkFunction ]"
Adding Flink config entry for {} as {} to Hadoop config,"[org.apache.flink.fs.osshadoop.OSSFileSystemFactory.getHadoopConfiguration-debug Superclass: null , org.apache.flink.fs.s3.common.HadoopConfigLoader.loadHadoopConfigFromFlink-debug Superclass: null ]"
Copying from {} to {}.,"[org.apache.flink.runtime.blob.FileSystemBlobStore.get-debug Superclass: null , org.apache.flink.runtime.blob.FileSystemBlobStore.put-debug Superclass: null ]"
YARN daemon is running as: {} Yarn client user obtainer: {},"[org.apache.flink.yarn.YarnTaskManagerRunnerFactory.create-info Superclass: null , org.apache.flink.yarn.entrypoint.YarnEntrypointUtils.logYarnEnvironmentInformation-info Superclass: null , org.apache.flink.yarn.YarnTaskExecutorRunner.run-info Superclass: null , org.apache.flink.yarn.YarnApplicationMasterRunner.run-info Superclass: null ]"
Adding keytab {} to the AM container local resource bucket,"[org.apache.flink.yarn.AbstractYarnClusterDescriptor.startAppMaster-info Superclass: null , org.apache.flink.yarn.Utils.createTaskExecutorContext-info Superclass: null ]"
Terminating registration attempts towards ResourceManager {}.,"[org.apache.flink.runtime.taskexecutor.TaskExecutor.closeResourceManagerConnection-info Superclass: org.apache.flink.runtime.rpc.RpcEndpoint , org.apache.flink.runtime.taskexecutor.TaskExecutor.closeResourceManagerConnection-debug Superclass: org.apache.flink.runtime.rpc.RpcEndpoint ]"
Cannot determine code revision: Unable to read version property file.,"[org.apache.flink.runtime.util.EnvironmentInformation.getRevisionInformation-info Superclass: null , org.apache.flink.runtime.util.EnvironmentInformation.getRevisionInformation-debug Superclass: null ]"
Could not complete statement at | :,"[org.apache.flink.table.client.cli.SqlCompleter.complete-debug Superclass: null , org.apache.flink.table.client.gateway.local.LocalExecutor.completeStatement-debug Superclass: null ]"
Could not properly close the cluster descriptor.,"[org.apache.flink.client.cli.CliFrontend.runProgram-info Superclass: null , org.apache.flink.client.cli.CliFrontend.runClusterAction-info Superclass: null ]"
Spilling and merging thread done.,"[org.apache.flink.runtime.operators.sort.CombiningUnilateralSortMerger.go-debug Superclass: org.apache.flink.runtime.operators.sort.UnilateralSortMerger , org.apache.flink.runtime.operators.sort.UnilateralSortMerger.go-debug Superclass: null ]"
Could not properly cleanup local RocksDB backup directory.,"[org.apache.flink.contrib.streaming.state.snapshot.RocksIncrementalSnapshotStrategy.cleanupProvidedResources-debug Superclass: org.apache.flink.contrib.streaming.state.snapshot.RocksDBSnapshotStrategyBase , org.apache.flink.contrib.streaming.state.snapshot.RocksIncrementalSnapshotStrategy.cleanupProvidedResources-warn Superclass: org.apache.flink.contrib.streaming.state.snapshot.RocksDBSnapshotStrategyBase ]"
Building program from JAR file,"[org.apache.flink.client.cli.CliFrontend.run-info Superclass: null , org.apache.flink.client.cli.CliFrontend.info-info Superclass: null ]"
No data to commit for file: {},"[org.apache.flink.fs.s3.common.writer.S3Committer.commitAfterRecovery-debug Superclass: null , org.apache.flink.fs.s3.common.writer.S3Committer.commit-debug Superclass: null ]"
Creating FileSystem stream leak safety net for {},"[org.apache.flink.runtime.taskmanager.Task.run-debug Superclass: null , org.apache.flink.runtime.taskmanager.Task.triggerCheckpointBarrier-debug Superclass: null ]"
Retrieved {} TaskManagers from previous attempt,"[org.apache.flink.mesos.runtime.clusterframework.MesosResourceManager.recoverWorkers-info Superclass: org.apache.flink.runtime.resourcemanager.ResourceManager , org.apache.flink.yarn.YarnFlinkResourceManager.initialize-info Superclass: org.apache.flink.runtime.clusterframework.FlinkResourceManager , org.apache.flink.mesos.runtime.clusterframework.MesosFlinkResourceManager.recoverWorkers-info Superclass: org.apache.flink.runtime.clusterframework.FlinkResourceManager ]"
Path does not exist: {},"[org.apache.flink.streaming.api.functions.source.FileMonitoringFunction.listNewFiles-warn Superclass: null , org.apache.flink.streaming.api.functions.source.ContinuousFileMonitoringFunction.listEligibleFiles-warn Superclass: org.apache.flink.streaming.api.functions.source.RichSourceFunction ]"
No state to restore for the {}.,"[org.apache.flink.streaming.api.functions.source.ContinuousFileMonitoringFunction.initializeState-info Superclass: org.apache.flink.streaming.api.functions.source.RichSourceFunction , org.apache.flink.streaming.api.functions.source.MessageAcknowledgingSourceBase.initializeState-info Superclass: org.apache.flink.streaming.api.functions.source.RichSourceFunction ]"
Could not load web runtime monitor. Probably reason: flink-runtime-web is not in the classpath,"[org.apache.flink.runtime.webmonitor.WebMonitorUtils.startWebRuntimeMonitor-error Superclass: null , org.apache.flink.runtime.webmonitor.WebMonitorUtils.getJsonArchivists-error Superclass: null ]"
Shutting down and unregistering as a Mesos framework.,"[org.apache.flink.mesos.runtime.clusterframework.MesosResourceManager.internalDeregisterApplication-info Superclass: org.apache.flink.runtime.resourcemanager.ResourceManager , org.apache.flink.mesos.runtime.clusterframework.MesosFlinkResourceManager.shutdownApplication-info Superclass: org.apache.flink.runtime.clusterframework.FlinkResourceManager ]"
Ignoring configured value DeSerializer ({})value.deserializer,"[org.apache.flink.streaming.connectors.kafka.FlinkKafkaConsumer09.setDeserializer-warn Superclass: org.apache.flink.streaming.connectors.kafka.FlinkKafkaConsumerBase , org.apache.flink.streaming.connectors.kafka.FlinkKafkaConsumer.setDeserializer-warn Superclass: org.apache.flink.streaming.connectors.kafka.FlinkKafkaConsumerBase ]"
Ignoring configured key DeSerializer ({})key.deserializer,"[org.apache.flink.streaming.connectors.kafka.FlinkKafkaConsumer09.setDeserializer-warn Superclass: org.apache.flink.streaming.connectors.kafka.FlinkKafkaConsumerBase , org.apache.flink.streaming.connectors.kafka.FlinkKafkaConsumer.setDeserializer-warn Superclass: org.apache.flink.streaming.connectors.kafka.FlinkKafkaConsumerBase ]"
Current working Directory: {},"[org.apache.flink.yarn.YarnTaskManagerRunnerFactory.create-info Superclass: null , org.apache.flink.yarn.YarnTaskExecutorRunner.run-info Superclass: null , org.apache.flink.yarn.YarnApplicationMasterRunner.run-debug Superclass: null ]"
YARN Application Master initialization failed,"[org.apache.flink.yarn.YarnApplicationMasterRunner.runApplicationMaster-error Superclass: null , org.apache.flink.yarn.YarnApplicationMasterRunner.run-error Superclass: null ]"
Attaching to job {} at the job manager {}.,"[org.apache.flink.runtime.client.JobAttachmentClientActor.tryToAttachToJob-info Superclass: org.apache.flink.runtime.client.JobClientActor , org.apache.flink.runtime.client.JobAttachmentClientActor.call-info Superclass: org.apache.flink.runtime.client.JobClientActor ]"
Caught exception,"[org.apache.flink.runtime.rest.handler.legacy.files.StaticFileServerHandler.exceptionCaught-error Superclass: org.apache.flink.runtime.rest.handler.RedirectHandler , org.apache.flink.runtime.webmonitor.WebMonitorUtils.getJsonArchivists-debug Superclass: null , org.apache.flink.runtime.webmonitor.history.HistoryServerStaticFileServerHandler.exceptionCaught-error Superclass: org.apache.flink.shaded.netty4.io.netty.channel.SimpleChannelInboundHandler , org.apache.flink.mesos.util.MesosArtifactServer.exceptionCaught-error Superclass: null , org.apache.flink.runtime.webmonitor.WebMonitorUtils.startWebRuntimeMonitor-debug Superclass: null ]"
Restoring state for the {}.,"[org.apache.flink.streaming.api.functions.source.ContinuousFileMonitoringFunction.initializeState-info Superclass: org.apache.flink.streaming.api.functions.source.RichSourceFunction , org.apache.flink.streaming.api.functions.source.MessageAcknowledgingSourceBase.initializeState-info Superclass: org.apache.flink.streaming.api.functions.source.RichSourceFunction ]"
Calling method {} of {}.,"[org.apache.flink.yarn.AbstractYarnClusterDescriptor.setApplicationTags-debug Superclass: null , org.apache.flink.yarn.AbstractYarnClusterDescriptor.setApplicationNodeLabel-debug Superclass: null , org.apache.flink.yarn.AbstractYarnClusterDescriptor.setKeepContainersAcrossApplicationAttempts-debug Superclass: null , org.apache.flink.yarn.AbstractYarnClusterDescriptor.setAttemptFailuresValidityInterval-debug Superclass: null ]"
Current working/local Directory: {},"[org.apache.flink.yarn.YarnTaskManagerRunnerFactory.create-info Superclass: null , org.apache.flink.yarn.YarnTaskExecutorRunner.run-info Superclass: null ]"
Found that a field is forwarded to more than one target field in semantic forwarded field information. Will only use the field with the lowest index.,"[org.apache.flink.optimizer.dataproperties.LocalProperties.filterBySemanticProperties-warn Superclass: null , org.apache.flink.optimizer.dataproperties.GlobalProperties.filterBySemanticProperties-warn Superclass: null ]"
Merging {} into {},"[org.apache.flink.streaming.runtime.operators.windowing.MergingWindowSet.merge-debug Superclass: null , org.apache.flink.streaming.runtime.operators.windowing.MergingWindowSet.addWindow-debug Superclass: null ]"
No retries left.,"[org.apache.flink.runtime.blob.BlobClient.downloadFromBlobServer-error Superclass: null , org.apache.flink.runtime.blob.BlobServer.moveTempFileToStore-error Superclass: java.lang.Thread ]"
Error while emitting latency marker.,"[org.apache.flink.streaming.api.operators.StreamSource.onProcessingTime-warn Superclass: org.apache.flink.streaming.api.operators.AbstractUdfStreamOperator , org.apache.flink.streaming.api.operators.StreamSource.LatencyMarksEmitter-warn Superclass: org.apache.flink.streaming.api.operators.AbstractUdfStreamOperator ]"
Actor system bound to hostname {}.,"[org.apache.flink.yarn.YarnApplicationMasterRunner.runApplicationMaster-info Superclass: null , org.apache.flink.mesos.runtime.clusterframework.MesosApplicationMasterRunner.runPrivileged-info Superclass: null ]"
"In-Progress file {} was neither moved to pending nor is still in progress. Possibly, it was moved to final location by a previous snapshot restore","[org.apache.flink.streaming.connectors.fs.bucketing.BucketingSink.handlePendingInProgressFile-debug Superclass: org.apache.flink.streaming.api.functions.sink.RichSinkFunction , org.apache.flink.streaming.connectors.fs.RollingSink.handleRestoredBucketState-debug Superclass: org.apache.flink.streaming.api.functions.sink.RichSinkFunction ]"
TaskManagers will be created with {} task slots,"[org.apache.flink.yarn.YarnApplicationMasterRunner.runApplicationMaster-info Superclass: null , org.apache.flink.mesos.entrypoint.MesosEntrypointUtils.createTmParameters-info Superclass: null ]"
Received a termination notice for an unrecognized worker: {},"[org.apache.flink.mesos.runtime.clusterframework.MesosResourceManager.taskTerminated-info Superclass: org.apache.flink.runtime.resourcemanager.ResourceManager , org.apache.flink.mesos.runtime.clusterframework.MesosFlinkResourceManager.taskTerminated-info Superclass: org.apache.flink.runtime.clusterframework.FlinkResourceManager ]"
keytabPath: {},"[org.apache.flink.yarn.YarnApplicationMasterRunner.runApplicationMaster-debug Superclass: null , org.apache.flink.yarn.YarnApplicationMasterRunner.run-debug Superclass: null ]"
Could not properly dispose the private states in the pending checkpoint {} of job {}.,"[org.apache.flink.runtime.checkpoint.PendingCheckpoint.run-warn Superclass: null , org.apache.flink.runtime.checkpoint.PendingCheckpoint.dispose-warn Superclass: null ]"
"Gauge {} is null-valued, defaulting to 0.","[org.apache.flink.metrics.prometheus.AbstractPrometheusReporter.get-debug Superclass: null , org.apache.flink.metrics.prometheus.AbstractPrometheusReporter.gaugeFrom-debug Superclass: null ]"
Restoring snapshot from state handles: {}.,"[org.apache.flink.contrib.streaming.state.RocksDBKeyedStateBackend.restore-debug Superclass: org.apache.flink.runtime.state.AbstractKeyedStateBackend , org.apache.flink.runtime.state.heap.HeapKeyedStateBackend.restore-debug Superclass: org.apache.flink.runtime.state.AbstractKeyedStateBackend ]"
Async Kafka commit failed.,"[org.apache.flink.streaming.connectors.kafka.FlinkKafkaConsumerBase.onException-warn Superclass: org.apache.flink.streaming.api.functions.source.RichParallelSourceFunction , org.apache.flink.streaming.connectors.kafka.FlinkKafkaConsumerBase.run-warn Superclass: org.apache.flink.streaming.api.functions.source.RichParallelSourceFunction ]"
{} ({}) switched from {} to {}.,"[org.apache.flink.runtime.taskmanager.Task.transitionState-info Superclass: null , org.apache.flink.runtime.executiongraph.Execution.transitionState-info Superclass: null ]"
Cleanup on error failed.,"[org.apache.flink.runtime.operators.DataSinkTask.invoke-error Superclass: org.apache.flink.runtime.jobgraph.tasks.AbstractInvokable , org.apache.flink.streaming.api.functions.sink.OutputFormatSinkFunction.cleanup-error Superclass: org.apache.flink.streaming.api.functions.sink.RichSinkFunction , org.apache.flink.runtime.operators.DataSinkTask.cancel-error Superclass: org.apache.flink.runtime.jobgraph.tasks.AbstractInvokable ]"
{} shutdown failed: {},"[org.apache.flink.queryablestate.client.proxy.KvStateClientProxyImpl.shutdown-warn Superclass: org.apache.flink.queryablestate.network.AbstractServerBase , org.apache.flink.queryablestate.server.KvStateServerImpl.shutdown-warn Superclass: org.apache.flink.queryablestate.network.AbstractServerBase ]"
Free slot {}.,"[org.apache.flink.runtime.taskexecutor.slot.TaskSlotTable.freeSlot-info Superclass: null , org.apache.flink.runtime.taskexecutor.slot.TaskSlotTable.freeSlot-debug Superclass: null ]"
Combiner starting.,"[org.apache.flink.runtime.operators.GroupReduceCombineDriver.run-debug Superclass: null , org.apache.flink.runtime.operators.ReduceCombineDriver.run-debug Superclass: null ]"
Error while deleting web root directory {},"[org.apache.flink.runtime.webmonitor.WebRuntimeMonitor.cleanup-warn Superclass: null , org.apache.flink.runtime.webmonitor.history.HistoryServer.stop-warn Superclass: null ]"
The heartbeat interval of the Flink Application master ({}) is greater than YARN's expiry interval ({}). The application is likely to be killed by YARN.,"[org.apache.flink.yarn.YarnResourceManager.YarnResourceManager-warn Superclass: org.apache.flink.runtime.resourcemanager.ResourceManager , org.apache.flink.yarn.YarnFlinkResourceManager.createActorProps-warn Superclass: org.apache.flink.runtime.clusterframework.FlinkResourceManager ]"
Shutting down process,"[org.apache.flink.mesos.runtime.clusterframework.MesosFlinkResourceManager.fatalError-error Superclass: org.apache.flink.runtime.clusterframework.FlinkResourceManager , org.apache.flink.yarn.YarnFlinkResourceManager.fatalError-error Superclass: org.apache.flink.runtime.clusterframework.FlinkResourceManager ]"
Cannot add unknown metric type: {}. This indicates that the metric type is not supported by this reporter.,"[org.apache.flink.metrics.prometheus.AbstractPrometheusReporter.addMetric-warn Superclass: null , org.apache.flink.metrics.jmx.JMXReporter.notifyOfAddedMetric-error Superclass: null ]"
Socket connection closed,"[org.apache.flink.runtime.blob.BlobServerConnection.get-debug Superclass: java.lang.Thread , org.apache.flink.runtime.blob.BlobServerConnection.put-debug Superclass: java.lang.Thread , org.apache.flink.runtime.blob.BlobServerConnection.run-debug Superclass: java.lang.Thread ]"
Resource manager could not register at JobManager,"[org.apache.flink.runtime.clusterframework.FlinkResourceManager.onComplete-error Superclass: org.apache.flink.runtime.akka.FlinkUntypedActor , org.apache.flink.runtime.clusterframework.FlinkResourceManager.triggerConnectingToJobManager-error Superclass: org.apache.flink.runtime.akka.FlinkUntypedActor ]"
Could not unregister the application master.,"[org.apache.flink.yarn.YarnFlinkResourceManager.shutdownApplication-error Superclass: org.apache.flink.runtime.clusterframework.FlinkResourceManager , org.apache.flink.yarn.YarnResourceManager.internalDeregisterApplication-error Superclass: org.apache.flink.runtime.resourcemanager.ResourceManager ]"
TaskManager configuration: {},"[org.apache.flink.yarn.YarnApplicationMasterRunner.runApplicationMaster-debug Superclass: null , org.apache.flink.yarn.YarnResourceManager.createTaskExecutorLaunchContext-debug Superclass: org.apache.flink.runtime.resourcemanager.ResourceManager ]"
Processing task:,"[org.apache.flink.examples.java.distcp.DistCp.main-info Superclass: null , org.apache.flink.examples.java.distcp.DistCp.flatMap-info Superclass: null ]"
Error during back pressure stats cache cleanup.,"[org.apache.flink.runtime.webmonitor.WebRuntimeMonitor.run-error Superclass: null , org.apache.flink.runtime.webmonitor.WebRuntimeMonitor.start-error Superclass: null ]"
Starting JobManager actor,"[org.apache.flink.yarn.YarnApplicationMasterRunner.runApplicationMaster-debug Superclass: null , org.apache.flink.mesos.runtime.clusterframework.MesosApplicationMasterRunner.runPrivileged-debug Superclass: null ]"
Starting Web Frontend,"[org.apache.flink.yarn.YarnApplicationMasterRunner.runApplicationMaster-debug Superclass: null , org.apache.flink.mesos.runtime.clusterframework.MesosApplicationMasterRunner.runPrivileged-debug Superclass: null ]"
Flushing new partitions,"[org.apache.flink.streaming.connectors.kafka.internal.FlinkKafkaProducer.flushNewPartitions-info Superclass: null , org.apache.flink.streaming.connectors.kafka.internal.FlinkKafkaInternalProducer.flushNewPartitions-info Superclass: null ]"
Encountered error while triggering checkpoint {} for {} ({}) while being not in state running.,"[org.apache.flink.runtime.taskmanager.Task.run-debug Superclass: null , org.apache.flink.runtime.taskmanager.Task.triggerCheckpointBarrier-debug Superclass: null ]"
Start registering input and output,"[org.apache.flink.runtime.operators.DataSinkTask.invoke-debug Superclass: org.apache.flink.runtime.jobgraph.tasks.AbstractInvokable , org.apache.flink.runtime.operators.DataSourceTask.invoke-debug Superclass: org.apache.flink.runtime.jobgraph.tasks.AbstractInvokable ]"
{} - started new transaction '{}',"[org.apache.flink.streaming.api.functions.sink.TwoPhaseCommitSinkFunction.snapshotState-debug Superclass: org.apache.flink.streaming.api.functions.sink.RichSinkFunction , org.apache.flink.streaming.api.functions.sink.TwoPhaseCommitSinkFunction.initializeState-debug Superclass: org.apache.flink.streaming.api.functions.sink.RichSinkFunction ]"
"Allocated: {}, unsatisfied: {}","[org.apache.flink.mesos.util.MesosResourceAllocation.takeScalar-debug Superclass: null , org.apache.flink.mesos.util.MesosResourceAllocation.takeRanges-debug Superclass: null ]"
Overwriting the '{}' is not recommendedkey.serializer,"[org.apache.flink.streaming.connectors.kafka.FlinkKafkaProducer.FlinkKafkaProducer-warn Superclass: org.apache.flink.streaming.connectors.kafka.FlinkKafkaProducer08 , org.apache.flink.streaming.connectors.kafka.FlinkKafkaProducer011.FlinkKafkaProducer011-warn Superclass: org.apache.flink.streaming.api.functions.sink.TwoPhaseCommitSinkFunction , org.apache.flink.streaming.connectors.kafka.FlinkKafkaProducerBase.FlinkKafkaProducerBase-warn Superclass: org.apache.flink.streaming.api.functions.sink.RichSinkFunction ]"
Cannot remove unknown metric type {}. This indicates that the reporter does not support this metric type.,"[org.apache.flink.metrics.datadog.DatadogHttpReporter.notifyOfRemovedMetric-warn Superclass: null , org.apache.flink.metrics.reporter.AbstractReporter.notifyOfRemovedMetric-warn Superclass: null ]"
Could not retrieve the leader for address | .,"[org.apache.flink.runtime.util.LeaderRetrievalUtils.onComplete-debug Superclass: null , org.apache.flink.runtime.util.LeaderRetrievalUtils.notifyLeaderAddress-debug Superclass: null ]"
Moving in-progress bucket {} to pending file {},"[org.apache.flink.streaming.connectors.fs.RollingSink.closeCurrentPartFile-debug Superclass: org.apache.flink.streaming.api.functions.sink.RichSinkFunction , org.apache.flink.streaming.connectors.fs.bucketing.BucketingSink.closeCurrentPartFile-debug Superclass: org.apache.flink.streaming.api.functions.sink.RichSinkFunction ]"
Removing {} from ZooKeeper,"[org.apache.flink.runtime.checkpoint.ZooKeeperCompletedCheckpointStore.shutdown-info Superclass: null , org.apache.flink.runtime.checkpoint.ZooKeeperCheckpointIDCounter.shutdown-info Superclass: null ]"
Failed to notify callback about failure,"[org.apache.flink.queryablestate.network.ClientHandler.exceptionCaught-error Superclass: org.apache.flink.shaded.netty4.io.netty.channel.ChannelInboundHandlerAdapter , org.apache.flink.queryablestate.network.ClientHandler.channelInactive-error Superclass: org.apache.flink.shaded.netty4.io.netty.channel.ChannelInboundHandlerAdapter , org.apache.flink.queryablestate.network.ClientHandler.channelRead-error Superclass: org.apache.flink.shaded.netty4.io.netty.channel.ChannelInboundHandlerAdapter ]"
CoGroup task iterator ready.,"[org.apache.flink.runtime.operators.CoGroupDriver.prepare-debug Superclass: null , org.apache.flink.runtime.operators.CoGroupRawDriver.prepare-debug Superclass: null ]"
Property [{}] not specified. Setting it to {}transaction.timeout.ms,"[org.apache.flink.streaming.connectors.kafka.FlinkKafkaProducer.FlinkKafkaProducer-warn Superclass: org.apache.flink.streaming.connectors.kafka.FlinkKafkaProducer08 , org.apache.flink.streaming.connectors.kafka.FlinkKafkaProducer011.FlinkKafkaProducer011-warn Superclass: org.apache.flink.streaming.api.functions.sink.TwoPhaseCommitSinkFunction ]"
Overwriting the '{}' is not recommendedvalue.serializer,"[org.apache.flink.streaming.connectors.kafka.FlinkKafkaProducer.FlinkKafkaProducer-warn Superclass: org.apache.flink.streaming.connectors.kafka.FlinkKafkaProducer08 , org.apache.flink.streaming.connectors.kafka.FlinkKafkaProducer011.FlinkKafkaProducer011-warn Superclass: org.apache.flink.streaming.api.functions.sink.TwoPhaseCommitSinkFunction , org.apache.flink.streaming.connectors.kafka.FlinkKafkaProducerBase.FlinkKafkaProducerBase-warn Superclass: org.apache.flink.streaming.api.functions.sink.RichSinkFunction ]"
Error notifying leader listener about new leader,"[org.apache.flink.runtime.highavailability.nonha.embedded.EmbeddedLeaderService.run-warn Superclass: null , org.apache.flink.runtime.highavailability.nonha.leaderelection.SingleLeaderElectionService.errorOnGrantLeadership-warn Superclass: null , org.apache.flink.runtime.highavailability.nonha.leaderelection.SingleLeaderElectionService.run-warn Superclass: null ]"
Updated {} in ZooKeeper.,"[org.apache.flink.runtime.jobmanager.ZooKeeperSubmittedJobGraphStore.putJobGraph-info Superclass: null , org.apache.flink.mesos.runtime.clusterframework.store.ZooKeeperMesosWorkerStore.putWorker-debug Superclass: null ]"
Taking {} from {},"[org.apache.flink.mesos.util.MesosResourceAllocation.takeScalar-debug Superclass: null , org.apache.flink.mesos.util.MesosResourceAllocation.takeRanges-debug Superclass: null ]"
Invalid response type to registration at JobManager: {},"[org.apache.flink.runtime.clusterframework.FlinkResourceManager.onComplete-error Superclass: org.apache.flink.runtime.akka.FlinkUntypedActor , org.apache.flink.runtime.clusterframework.FlinkResourceManager.triggerConnectingToJobManager-error Superclass: org.apache.flink.runtime.akka.FlinkUntypedActor ]"
All environment variables: {},"[org.apache.flink.yarn.YarnApplicationMasterRunner.run-debug Superclass: null , org.apache.flink.yarn.YarnTaskExecutorRunner.run-debug Superclass: null , org.apache.flink.mesos.runtime.clusterframework.MesosApplicationMasterRunner.run-debug Superclass: null ]"
Unknown message received: {},"[org.apache.flink.runtime.rest.handler.PipelineErrorHandler.channelRead0-warn Superclass: org.apache.flink.shaded.netty4.io.netty.channel.SimpleChannelInboundHandler , org.apache.flink.runtime.webmonitor.PipelineErrorHandler.channelRead0-debug Superclass: org.apache.flink.shaded.netty4.io.netty.channel.SimpleChannelInboundHandler ]"
Allocating {} {},"[org.apache.flink.mesos.util.MesosResourceAllocation.takeScalar-debug Superclass: null , org.apache.flink.mesos.util.MesosResourceAllocation.takeRanges-debug Superclass: null ]"
"In-progress file {} has been moved to pending after checkpoint, moving to final location.","[org.apache.flink.streaming.connectors.fs.bucketing.BucketingSink.handlePendingInProgressFile-debug Superclass: org.apache.flink.streaming.api.functions.sink.RichSinkFunction , org.apache.flink.streaming.connectors.fs.RollingSink.handleRestoredBucketState-debug Superclass: org.apache.flink.streaming.api.functions.sink.RichSinkFunction ]"
--------------------------------------------------------------------------------,"[org.apache.flink.mesos.util.MesosConfiguration.logMesosConfig-info Superclass: null , org.apache.flink.runtime.util.EnvironmentInformation.logEnvironmentInfo-info Superclass: null ]"
Beginning final merge.,"[org.apache.flink.runtime.operators.sort.CombiningUnilateralSortMerger.go-debug Superclass: org.apache.flink.runtime.operators.sort.UnilateralSortMerger , org.apache.flink.runtime.operators.sort.UnilateralSortMerger.go-debug Superclass: null ]"
Close previous DBOptions's instance failed.,"[org.apache.flink.contrib.streaming.state.RocksDBResource.createColumnOptions-error Superclass: org.junit.rules.ExternalResource , org.apache.flink.contrib.streaming.state.RocksDBResource.createDBOptions-error Superclass: org.junit.rules.ExternalResource , org.apache.flink.contrib.streaming.state.RocksDBResource.RocksDBResource-error Superclass: org.junit.rules.ExternalResource ]"
Could not properly discard state object of checkpoint {} belonging to task {} of job {}.,"[org.apache.flink.runtime.checkpoint.CheckpointCoordinator.discardSubtaskState-warn Superclass: null , org.apache.flink.runtime.checkpoint.CheckpointCoordinator.run-warn Superclass: null ]"
Could not connect. Waiting for {} msecs before next attempt,"[org.apache.flink.runtime.net.ConnectionUtils.findConnectingAddress-info Superclass: null , org.apache.flink.runtime.net.ConnectionUtils.findConnectingAddress-debug Superclass: null ]"
Close JobManager connection for job {}.,"[org.apache.flink.runtime.taskexecutor.TaskExecutor.closeJobManagerConnection-debug Superclass: org.apache.flink.runtime.rpc.RpcEndpoint , org.apache.flink.runtime.taskexecutor.TaskExecutor.closeJobManagerConnection-info Superclass: org.apache.flink.runtime.rpc.RpcEndpoint ]"
Error while discarding operator states.,"[org.apache.flink.runtime.checkpoint.SubtaskState.discardState-warn Superclass: null , org.apache.flink.runtime.checkpoint.OperatorSubtaskState.discardState-warn Superclass: null ]"
"Invalid type for Gauge {}: {}, only number types and booleans are supported by this reporter.","[org.apache.flink.metrics.prometheus.AbstractPrometheusReporter.get-debug Superclass: null , org.apache.flink.metrics.prometheus.AbstractPrometheusReporter.gaugeFrom-debug Superclass: null ]"
Failed to stop the web frontend,"[org.apache.flink.yarn.YarnApplicationMasterRunner.runApplicationMaster-error Superclass: null , org.apache.flink.mesos.runtime.clusterframework.MesosApplicationMasterRunner.runPrivileged-error Superclass: null , org.apache.flink.yarn.YarnApplicationMasterRunner.runApplicationMaster-warn Superclass: null , org.apache.flink.mesos.runtime.clusterframework.MesosApplicationMasterRunner.runPrivileged-warn Superclass: null ]"
The execution has no slot assigned. This indicates that the execution is no longer running.,"[org.apache.flink.runtime.executiongraph.Execution.notifyCheckpointComplete-debug Superclass: null , org.apache.flink.runtime.executiongraph.Execution.triggerCheckpoint-debug Superclass: null ]"
Try to restart or fail the job {} ({}) if no longer possible.,"[org.apache.flink.runtime.executiongraph.ExecutionGraph.tryRestartOrFail-info Superclass: null , org.apache.flink.runtime.executiongraph.ExecutionGraph.tryRestartOrFail-debug Superclass: null ]"
Truncate not found. Will write a file with suffix '{}' and prefix '{}' to specify how many bytes in a bucket are valid.,"[org.apache.flink.streaming.connectors.fs.RollingSink.reflectTruncate-debug Superclass: org.apache.flink.streaming.api.functions.sink.RichSinkFunction , org.apache.flink.streaming.connectors.fs.bucketing.BucketingSink.reflectTruncate-debug Superclass: org.apache.flink.streaming.api.functions.sink.RichSinkFunction ]"
Ignoring node change notification since the service has already been stopped.,"[org.apache.flink.runtime.leaderretrieval.ZooKeeperLeaderRetrievalService.nodeChanged-debug Superclass: null , org.apache.flink.runtime.leaderelection.ZooKeeperLeaderElectionService.nodeChanged-debug Superclass: null ]"
Cannot add unknown metric type {}. This indicates that the reporter does not support this metric type.,"[org.apache.flink.metrics.reporter.AbstractReporter.notifyOfAddedMetric-warn Superclass: null , org.apache.flink.metrics.datadog.DatadogHttpReporter.notifyOfAddedMetric-warn Superclass: null ]"
Removing web dashboard root cache directory {},"[org.apache.flink.runtime.webmonitor.history.HistoryServer.stop-info Superclass: null , org.apache.flink.runtime.webmonitor.WebRuntimeMonitor.cleanup-info Superclass: null ]"
{}: Finished {}.,"[org.apache.flink.runtime.io.network.partition.SpillableSubpartition.finish-debug Superclass: org.apache.flink.runtime.io.network.partition.ResultSubpartition , org.apache.flink.runtime.io.network.partition.PipelinedSubpartition.finish-debug Superclass: org.apache.flink.runtime.io.network.partition.ResultSubpartition ]"
Spilling done.,"[org.apache.flink.runtime.operators.sort.CombiningUnilateralSortMerger.go-debug Superclass: org.apache.flink.runtime.operators.sort.UnilateralSortMerger , org.apache.flink.runtime.operators.sort.UnilateralSortMerger.go-debug Superclass: null ]"
An exception occurred while processing a record,"[org.apache.flink.streaming.connectors.kinesis.FlinkKinesisProducer.onFailure-warn Superclass: org.apache.flink.streaming.api.functions.sink.RichSinkFunction , org.apache.flink.streaming.connectors.kinesis.FlinkKinesisProducer.open-warn Superclass: org.apache.flink.streaming.api.functions.sink.RichSinkFunction ]"
Embedded leader election service encountered a fatal error. Shutting down service.,"[org.apache.flink.runtime.highavailability.nonha.leaderelection.SingleLeaderElectionService.fatalError-error Superclass: null , org.apache.flink.runtime.highavailability.nonha.embedded.EmbeddedLeaderService.fatalError-error Superclass: null ]"