log,callsite
Group mapping impl=,"org.apache.hadoop.security.JniBasedUnixGroupsNetgroupMappingWithFallback.JniBasedUnixGroupsNetgroupMappingWithFallback,org.apache.hadoop.security.JniBasedUnixGroupsMappingWithFallback.JniBasedUnixGroupsMappingWithFallback"
Falling back to shell based,"org.apache.hadoop.security.JniBasedUnixGroupsNetgroupMappingWithFallback.JniBasedUnixGroupsNetgroupMappingWithFallback,org.apache.hadoop.security.JniBasedUnixGroupsMappingWithFallback.JniBasedUnixGroupsMappingWithFallback"
Got: ,"org.apache.hadoop.hdfs.server.datanode.DataNode.checkReadAccess,org.apache.hadoop.hdfs.server.datanode.DataNode.checkBlockToken"
Problem opening checksum file:  | .  Ignoring exception: ,"org.apache.hadoop.fs.ChecksumFileSystem.ChecksumFSInputChecker,org.apache.hadoop.fs.ChecksumFs.ChecksumFSInputChecker"
Failed to delete ,"org.apache.hadoop.hdfs.server.datanode.fsdataset.impl.FsDatasetImpl.checkAndUpdate,org.apache.hadoop.yarn.logaggregation.filecontroller.LogAggregationFileController.cleanOldLogs,org.apache.hadoop.yarn.server.nodemanager.containermanager.launcher.ContainerRelaunch.deleteAsUser,org.apache.hadoop.yarn.server.nodemanager.containermanager.deletion.task.FileDeletionTask.run"
 not found,"org.apache.hadoop.conf.Configuration.getConfResourceAsReader,org.apache.hadoop.conf.Configuration.getConfResourceAsInputStream"
found resource  |  at ,"org.apache.hadoop.conf.Configuration.getConfResourceAsReader,org.apache.hadoop.conf.Configuration.getConfResourceAsInputStream"
: starting,"org.apache.hadoop.hdfs.client.impl.BlockReaderLocal.read,org.apache.hadoop.ipc.Server.run"
Problem connecting to server: ,"org.apache.hadoop.hdfs.server.namenode.BackupNode.handshake,org.apache.hadoop.ipc.RPC.waitForProtocolProxy,org.apache.hadoop.hdfs.server.datanode.BPServiceActor.retrieveNamespaceInfo,org.apache.hadoop.hdfs.server.datanode.BPServiceActor.register"
Encountered exception ,"org.apache.hadoop.hdfs.server.namenode.BackupNode.handshake,org.apache.hadoop.hdfs.server.namenode.BackupNode.registerWith,org.apache.hadoop.fs.HarFileSystem.parseMetaData"
Processing  |  of type ,"org.apache.hadoop.yarn.server.nodemanager.containermanager.container.ContainerImpl.handle,org.apache.hadoop.yarn.server.nodemanager.containermanager.localizer.LocalizedResource.handle,org.apache.hadoop.yarn.server.nodemanager.containermanager.application.ApplicationImpl.handle"
Can't handle this event at current state,"org.apache.hadoop.yarn.server.nodemanager.containermanager.localizer.LocalizedResource.handle,org.apache.hadoop.yarn.server.nodemanager.containermanager.application.ApplicationImpl.handle"
Exit code from container  |  is : ,"org.apache.hadoop.yarn.server.nodemanager.DefaultContainerExecutor.launchContainer,org.apache.hadoop.yarn.server.nodemanager.LinuxContainerExecutor.launchContainer"
Error reading the stream ,"org.apache.hadoop.util.SysInfoLinux.readProcStatFile,org.apache.hadoop.util.SysInfoLinux.readDiskBlockInformation,org.apache.hadoop.util.SysInfoLinux.readProcMemInfoFile,org.apache.hadoop.util.SysInfoLinux.readProcCpuInfoFile,org.apache.hadoop.util.SysInfoLinux.readProcNetInfoFile,org.apache.hadoop.util.SysInfoLinux.readProcDisksInfoFile"
Stacktrace: ,"org.apache.hadoop.metrics2.impl.MetricsSourceAdapter.startMBeans,org.apache.hadoop.metrics2.util.MBeans.unregister,org.apache.hadoop.security.CompositeGroupsMapping.getGroups,org.apache.hadoop.metrics2.impl.MetricsSystemImpl.init"
Error closing the stream ,"org.apache.hadoop.util.SysInfoLinux.readProcStatFile,org.apache.hadoop.util.SysInfoLinux.readDiskBlockInformation,org.apache.hadoop.util.SysInfoLinux.readProcMemInfoFile,org.apache.hadoop.util.SysInfoLinux.readProcCpuInfoFile,org.apache.hadoop.util.SysInfoLinux.readProcNetInfoFile,org.apache.hadoop.util.SysInfoLinux.readProcDisksInfoFile"
Error invoking method ,"org.apache.hadoop.metrics2.lib.MethodMetric.newGauge,org.apache.hadoop.metrics2.lib.MethodMetric.snapshot,org.apache.hadoop.metrics2.lib.MethodMetric.newCounter,org.apache.hadoop.metrics2.lib.MethodMetric.newTag"
Exception in closing ,"org.apache.hadoop.hdfs.shortcircuit.DfsClientShmManager.close,org.apache.hadoop.hdfs.util.IOUtilsClient.cleanup,org.apache.hadoop.hdfs.shortcircuit.DfsClientShmManager.requestNewShm"
ServicePlugin  |  could not be started,"org.apache.hadoop.hdfs.server.datanode.DataNode.startPlugins,org.apache.hadoop.hdfs.server.namenode.NameNode.startCommonServices"
ServicePlugin  |  could not be stopped,"org.apache.hadoop.hdfs.server.namenode.NameNode.stopCommonServices,org.apache.hadoop.hdfs.server.datanode.DataNode.shutdown"
Deleting path : ,"org.apache.hadoop.yarn.server.nodemanager.LinuxContainerExecutor.deleteAsUser,org.apache.hadoop.yarn.server.nodemanager.DefaultContainerExecutor.deleteAsUser"
Error getting UGI ,"org.apache.hadoop.yarn.server.sharedcachemanager.ClientProtocolService.use,org.apache.hadoop.yarn.server.sharedcachemanager.ClientProtocolService.release"
Deleting absolute path : ,"org.apache.hadoop.yarn.server.nodemanager.LinuxContainerExecutor.deleteAsUser,org.apache.hadoop.yarn.server.nodemanager.DefaultContainerExecutor.deleteAsUser"
\n,"org.apache.hadoop.hdfs.server.datanode.fsdataset.impl.FsVolumeImpl.printReferenceTraceInfo,org.apache.hadoop.hdfs.server.datanode.BlockReceiver.receiveBlock,org.apache.hadoop.hdfs.server.datanode.LocalReplicaInPipeline.stopWriter"
Cancelling ,"org.apache.hadoop.hdfs.DFSClient.cancel,org.apache.hadoop.hdfs.DFSClient.cancelDelegationToken"
: ,"org.apache.hadoop.ha.StreamPumper.pump,org.apache.hadoop.ipc.Server.logException,org.apache.hadoop.metrics2.impl.MetricsSourceAdapter.getAttribute,org.apache.hadoop.ha.FailoverController.preFailoverChecks,org.apache.hadoop.metrics2.impl.MetricsSourceAdapter.getAttributes"
Initialized ,"org.apache.hadoop.yarn.server.sharedcachemanager.metrics.SharedCacheUploaderMetrics.SharedCacheUploaderMetrics,org.apache.hadoop.ipc.metrics.RetryCacheMetrics.RetryCacheMetrics,org.apache.hadoop.yarn.server.sharedcachemanager.metrics.ClientSCMMetrics.ClientSCMMetrics,org.apache.hadoop.ipc.metrics.RpcMetrics.RpcMetrics"
{},"org.apache.hadoop.lib.wsrs.ExceptionProvider.log,org.apache.hadoop.service.launcher.ServiceLauncher.registerFailureHandling,org.apache.hadoop.hdfs.server.blockmanagement.BlockManager.checkReplicaCorrupt"
: closing,"org.apache.hadoop.hdfs.shortcircuit.ShortCircuitCache.close,org.apache.hadoop.hdfs.server.datanode.BlockReceiver.close,org.apache.hadoop.net.unix.DomainSocketWatcher.close"
TRACE,"org.apache.hadoop.util.concurrent.AsyncGetFuture.callAsyncGet,org.apache.hadoop.security.UserGroupInformation.getGroups,org.apache.hadoop.security.LdapGroupsMapping.getGroups"
url={},"org.apache.hadoop.hdfs.web.WebHdfsFileSystem.toUrl,org.apache.hadoop.hdfs.web.WebHdfsFileSystem.getNamenodeURL"
Deleting {},"org.apache.hadoop.registry.client.impl.zk.CuratorService.zkDelete,org.apache.hadoop.yarn.server.timeline.EntityGroupFSTimelineStore.cleanLogs"
key {},"org.apache.hadoop.fs.s3a.InconsistentAmazonS3Client.putObject,org.apache.hadoop.fs.s3a.InconsistentAmazonS3Client.deleteObject"
  {}: {},"org.apache.hadoop.minikdc.MiniKdc.MiniKdc,org.apache.hadoop.lib.server.Server.initConfig"
prefix {},"org.apache.hadoop.fs.s3a.InconsistentAmazonS3Client.listObjects,org.apache.hadoop.fs.s3a.InconsistentAmazonS3Client.listObjectsV2"
[{}],"org.apache.hadoop.fs.http.server.HttpFSServer.get,org.apache.hadoop.fs.http.server.HttpFSServer.post"
Closing {},"org.apache.hadoop.fs.s3a.S3AUtils.closeAll,org.apache.hadoop.fs.s3a.S3ADataBlocks.innerClose"
Done,"org.apache.hadoop.metrics2.impl.MetricsSinkAdapter.consume,org.apache.hadoop.metrics2.impl.MetricsSourceAdapter.updateInfoCache"
{}: {},"org.apache.hadoop.hdfs.shortcircuit.ShortCircuitCache.unref,org.apache.hadoop.fs.s3a.Listing.buildNextStatusBatch"
done,"org.apache.hadoop.examples.terasort.TeraScheduler.main,org.apache.hadoop.examples.terasort.TeraSort.run"
Failed to read cgroup tasks file. ,"org.apache.hadoop.yarn.server.nodemanager.containermanager.linux.resources.CGroupsHandlerImpl.logLineFromTasksFile,org.apache.hadoop.yarn.server.nodemanager.util.CgroupsLCEResourcesHandler.logLineFromTasksFile,org.apache.hadoop.yarn.server.nodemanager.containermanager.linux.resources.CGroupsHandlerImpl.checkAndDeleteCgroup,org.apache.hadoop.yarn.server.nodemanager.util.CgroupsLCEResourcesHandler.checkAndDeleteCgroup"
Loaded timeline store version info ,"org.apache.hadoop.yarn.server.timeline.RollingLevelDBTimelineStore.checkVersion,org.apache.hadoop.yarn.server.timeline.LeveldbTimelineStore.checkVersion"
Failed attempt to delete cgroup: ,"org.apache.hadoop.yarn.server.nodemanager.containermanager.linux.resources.CGroupsHandlerImpl.checkAndDeleteCgroup,org.apache.hadoop.yarn.server.nodemanager.util.CgroupsLCEResourcesHandler.checkAndDeleteCgroup"
First line in cgroup tasks file:  |  ,"org.apache.hadoop.yarn.server.nodemanager.containermanager.linux.resources.CGroupsHandlerImpl.logLineFromTasksFile,org.apache.hadoop.yarn.server.nodemanager.util.CgroupsLCEResourcesHandler.logLineFromTasksFile"
placing the following ReservationRequest: ,"org.apache.hadoop.yarn.server.resourcemanager.reservation.planning.AlignedPlannerWithGreedy.createReservation,org.apache.hadoop.yarn.server.resourcemanager.reservation.planning.GreedyReservationAgent.createReservation"
Metric name  |  was emitted with a null value.,"org.apache.hadoop.metrics2.sink.ganglia.GangliaSink31.emitMetric,org.apache.hadoop.metrics2.sink.ganglia.GangliaSink30.emitMetric"
Failed to start the TCP server.,"org.apache.hadoop.mount.MountdBase.startTCPServer,org.apache.hadoop.nfs.nfs3.Nfs3Base.startTCPServer"
Node already deleted by peer ,"org.apache.hadoop.security.token.delegation.ZKDelegationTokenSecretManager.removeStoredToken,org.apache.hadoop.security.token.delegation.ZKDelegationTokenSecretManager.removeStoredMasterKey"
Failed to launch container due to configuration error.,"org.apache.hadoop.yarn.server.nodemanager.containermanager.launcher.ContainerLaunch.call,org.apache.hadoop.yarn.server.nodemanager.containermanager.launcher.ContainerRelaunch.call"
Unable to set exit code for container ,"org.apache.hadoop.yarn.server.nodemanager.containermanager.launcher.ContainerLaunch.setContainerCompletedStatus,org.apache.hadoop.yarn.server.nodemanager.containermanager.launcher.RecoveredContainerLaunch.call"
Error storing AMRMProxy application context entry for ,"org.apache.hadoop.yarn.server.nodemanager.amrmproxy.AMRMProxyService.initializePipeline,org.apache.hadoop.yarn.server.nodemanager.amrmproxy.AMRMProxyService.updateAMRMTokens"
"Illegal column found, skipping this column.","org.apache.hadoop.yarn.server.timelineservice.storage.common.ColumnHelper.readResults,org.apache.hadoop.yarn.server.timelineservice.storage.common.ColumnHelper.readResultsWithTimestamps"
Unable to update previous master key in state store,"org.apache.hadoop.yarn.server.nodemanager.security.NMTokenSecretManagerInNM.updatePreviousMasterKey,org.apache.hadoop.yarn.server.nodemanager.security.NMContainerTokenSecretManager.updatePreviousMasterKey"
Unable to update current master key in state store,"org.apache.hadoop.yarn.server.nodemanager.security.NMContainerTokenSecretManager.updateCurrentMasterKey,org.apache.hadoop.yarn.server.nodemanager.security.NMTokenSecretManagerInNM.updateCurrentMasterKey,org.apache.hadoop.yarn.server.nodemanager.amrmproxy.AMRMProxyTokenSecretManager.start,org.apache.hadoop.yarn.server.nodemanager.amrmproxy.AMRMProxyTokenSecretManager.activateNextMasterKey"
GenericObjectMapper cannot read key from key  |  into an object. Read aborted! ,"org.apache.hadoop.yarn.server.timeline.LevelDBCacheTimelineStore.getIterator,org.apache.hadoop.yarn.server.timeline.LevelDBCacheTimelineStore.get,org.apache.hadoop.yarn.server.timeline.LevelDBCacheTimelineStore.next"
Skipping inaccessible cgroup mount point %s,"org.apache.hadoop.yarn.server.nodemanager.containermanager.linux.resources.CGroupsHandlerImpl.findControllerInMtab,org.apache.hadoop.yarn.server.nodemanager.util.CgroupsLCEResourcesHandler.findControllerInMtab"
"beforeExecute in thread:  | , runnable type: ","org.apache.hadoop.util.concurrent.HadoopThreadPoolExecutor.beforeExecute,org.apache.hadoop.util.concurrent.HadoopScheduledThreadPoolExecutor.beforeExecute"
"Throttling re-encryption, sleeping for {} ms","org.apache.hadoop.hdfs.server.namenode.ReencryptionHandler.throttle,org.apache.hadoop.hdfs.server.namenode.ReencryptionUpdater.throttle"
"Service stopped, return null for the storage","org.apache.hadoop.yarn.server.timeline.KeyValueBasedTimelineStore.getEntityTimelines,org.apache.hadoop.yarn.server.timeline.KeyValueBasedTimelineStore.getDomains,org.apache.hadoop.yarn.server.timeline.KeyValueBasedTimelineStore.put,org.apache.hadoop.yarn.server.timeline.KeyValueBasedTimelineStore.getEntity,org.apache.hadoop.yarn.server.timeline.KeyValueBasedTimelineStore.getDomain,org.apache.hadoop.yarn.server.timeline.KeyValueBasedTimelineStore.getEntities"
Status of table creation for  | =,"org.apache.hadoop.yarn.server.timelineservice.storage.entity.EntityTable.createTable,org.apache.hadoop.yarn.server.timelineservice.storage.flow.FlowActivityTable.createTable,org.apache.hadoop.yarn.server.timelineservice.storage.subapplication.SubApplicationTable.createTable,org.apache.hadoop.yarn.server.timelineservice.storage.apptoflow.AppToFlowTable.createTable,org.apache.hadoop.yarn.server.timelineservice.storage.application.ApplicationTable.createTable,org.apache.hadoop.yarn.server.timelineservice.storage.flow.FlowRunTable.createTable"
Got {} = '{}' (default '{}'),"org.apache.hadoop.conf.ConfigurationWithLogging.getBoolean,org.apache.hadoop.conf.ConfigurationWithLogging.getInt,org.apache.hadoop.conf.ConfigurationWithLogging.getLong,org.apache.hadoop.conf.ConfigurationWithLogging.getFloat,org.apache.hadoop.conf.ConfigurationWithLogging.get"
Reinit compressor with new compression configuration,"org.apache.hadoop.io.compress.zlib.ZlibCompressor.reinit,org.apache.hadoop.io.compress.zlib.BuiltInZlibDeflater.reinit,org.apache.hadoop.io.compress.zstd.ZStandardCompressor.reinit,org.apache.hadoop.io.compress.bzip2.Bzip2Compressor.reinit"
 terminating on unexpected exception,"org.apache.hadoop.hdfs.server.datanode.BPServiceActor.start,org.apache.hadoop.net.unix.DomainSocketWatcher.uncaughtException,org.apache.hadoop.net.unix.DomainSocketWatcher.DomainSocketWatcher,org.apache.hadoop.hdfs.server.datanode.BPServiceActor.uncaughtException"
"Will fetch a new encryption key and retry,  | encryption key was invalid when connecting to  |  : ","org.apache.hadoop.hdfs.DFSStripedInputStream.createBlockReader,org.apache.hadoop.hdfs.DataStreamer.createBlockOutputStream,org.apache.hadoop.hdfs.DFSInputStream.actualGetFromOneDataNode,org.apache.hadoop.hdfs.DFSInputStream.blockSeekTo"
Connecting to datanode {},"org.apache.hadoop.hdfs.DFSUtilClient.connectToDN,org.apache.hadoop.hdfs.DFSInputStream.getBestNodeDNAddrPair,org.apache.hadoop.hdfs.DataStreamer.createSocketForPipeline"
Connecting to datanode ,"org.apache.hadoop.hdfs.server.datanode.DataNode.run,org.apache.hadoop.hdfs.server.datanode.DataXceiver.writeBlock,org.apache.hadoop.hdfs.server.datanode.DataXceiver.replaceBlock"
Policy for queue: {} does not exist.,"org.apache.hadoop.yarn.server.federation.store.impl.MemoryFederationStateStore.getPolicyConfiguration,org.apache.hadoop.yarn.server.federation.store.impl.ZookeeperFederationStateStore.getPolicyConfiguration,org.apache.hadoop.yarn.server.federation.store.impl.SQLFederationStateStore.getPolicyConfiguration"
Initiating logout for ,"org.apache.hadoop.security.UserGroupInformation.reloginFromKeytab,org.apache.hadoop.security.UserGroupInformation.logoutUserFromKeytab,org.apache.hadoop.security.UserGroupInformation.reloginFromTicketCache"
Could not update cgroup for container,"org.apache.hadoop.yarn.server.nodemanager.containermanager.linux.resources.CGroupsCpuResourceHandlerImpl.preStart,org.apache.hadoop.yarn.server.nodemanager.containermanager.linux.resources.CGroupsMemoryResourceHandlerImpl.preStart,org.apache.hadoop.yarn.server.nodemanager.containermanager.linux.resources.CGroupsBlkioResourceHandlerImpl.preStart"
The queried SubCluster: {} does not exist.,"org.apache.hadoop.yarn.server.federation.store.impl.ZookeeperFederationStateStore.getSubCluster,org.apache.hadoop.yarn.server.federation.store.impl.SQLFederationStateStore.getSubCluster,org.apache.hadoop.yarn.server.federation.store.impl.MemoryFederationStateStore.getSubCluster"
Error putting entities,"org.apache.hadoop.yarn.server.timeline.webapp.TimelineWebServices.postEntities,org.apache.hadoop.yarn.server.timelineservice.collector.TimelineCollectorWebService.putEntities"
Unexpected filter type ,"org.apache.hadoop.yarn.server.timelineservice.reader.filter.TimelineFilterUtils.createHBaseFilterList,org.apache.hadoop.yarn.server.timelineservice.reader.filter.TimelineFilterUtils.fetchColumnsFromFilterList"
Out of Memory in server select,"org.apache.hadoop.ipc.Server.doRunLoop,org.apache.hadoop.ipc.Server.run"
 unexpectedly interrupted,"org.apache.hadoop.ipc.Server.doRunLoop,org.apache.hadoop.ipc.Server.run"
Exception thrown while metric collection. Exception : ,"org.apache.hadoop.hdfs.server.datanode.fsdataset.impl.FsDatasetImpl.getMetrics,org.apache.hadoop.ipc.DecayRpcScheduler.getMetrics"
Sending signal to pid  |  as user  |  for container ,"org.apache.hadoop.yarn.server.nodemanager.containermanager.launcher.ContainerLaunch.signalContainer,org.apache.hadoop.yarn.server.nodemanager.containermanager.launcher.ContainerLaunch.cleanupContainer"
Failed to publish Container metrics for container ,"org.apache.hadoop.yarn.server.nodemanager.timelineservice.NMTimelinePublisher.reportContainerResourceUsage,org.apache.hadoop.yarn.server.nodemanager.timelineservice.NMTimelinePublisher.publishContainerLocalizationEvent"
Error putting related entity  |  of type  |  for entity  |  of type ,"org.apache.hadoop.yarn.server.timeline.RollingLevelDBTimelineStore.putEntities,org.apache.hadoop.yarn.server.timeline.LeveldbTimelineStore.put"
Connecting to datanode {} addr={},"org.apache.hadoop.hdfs.protocolPB.ClientDatanodeProtocolTranslatorPB.ClientDatanodeProtocolTranslatorPB,org.apache.hadoop.hdfs.protocolPB.ClientDatanodeProtocolTranslatorPB.createClientDatanodeProtocolProxy"
Shutting down the background thread.,"org.apache.hadoop.yarn.server.sharedcachemanager.CleanerService.serviceStop,org.apache.hadoop.yarn.server.sharedcachemanager.store.InMemorySCMStore.serviceStop"
Exception encountered while connecting to  | the server : ,"org.apache.hadoop.ipc.Client.run,org.apache.hadoop.ipc.Client.handleSaslConnectionFailure"
Exception from container-launch with container ID:  |  and exit code: ,"org.apache.hadoop.yarn.server.nodemanager.DefaultContainerExecutor.launchContainer,org.apache.hadoop.yarn.server.nodemanager.LinuxContainerExecutor.launchContainer"
Reported block {} on {} size {} replicaState = {},"org.apache.hadoop.hdfs.server.blockmanagement.BlockManager.processAndHandleReportedBlock,org.apache.hadoop.hdfs.server.blockmanagement.BlockManager.reportDiffSorted"
Processed URL  |  (Took  |  ms.),"org.apache.hadoop.yarn.server.timelineservice.reader.TimelineReaderWebServices.getSubAppEntities,org.apache.hadoop.yarn.server.timelineservice.reader.TimelineReaderWebServices.getEntities,org.apache.hadoop.yarn.server.timelineservice.reader.TimelineReaderWebServices.getFlows,org.apache.hadoop.yarn.server.timelineservice.reader.TimelineReaderWebServices.getEntityTypes,org.apache.hadoop.yarn.server.timelineservice.reader.TimelineReaderWebServices.getFlowRuns,org.apache.hadoop.yarn.server.timelineservice.reader.TimelineReaderWebServices.getApp,org.apache.hadoop.yarn.server.timelineservice.reader.TimelineReaderWebServices.getFlowRunApps,org.apache.hadoop.yarn.server.timelineservice.reader.TimelineReaderWebServices.getFlowRun,org.apache.hadoop.yarn.server.timelineservice.reader.TimelineReaderWebServices.getEntity"
Received URL  |  from user ,"org.apache.hadoop.yarn.server.timelineservice.reader.TimelineReaderWebServices.getSubAppEntities,org.apache.hadoop.yarn.server.timelineservice.reader.TimelineReaderWebServices.getEntities,org.apache.hadoop.yarn.server.timelineservice.reader.TimelineReaderWebServices.getFlows,org.apache.hadoop.yarn.server.timelineservice.reader.TimelineReaderWebServices.getEntityTypes,org.apache.hadoop.yarn.server.timelineservice.reader.TimelineReaderWebServices.getFlowRuns,org.apache.hadoop.yarn.server.timelineservice.reader.TimelineReaderWebServices.getApp,org.apache.hadoop.yarn.server.timelineservice.reader.TimelineReaderWebServices.getFlowRunApps,org.apache.hadoop.yarn.server.timelineservice.reader.TimelineReaderWebServices.getFlowRun,org.apache.hadoop.yarn.server.timelineservice.reader.TimelineReaderWebServices.getEntity"
DIR* FSDirectory.unprotectedRenameTo: ,"org.apache.hadoop.hdfs.server.namenode.FSDirRenameOp.unprotectedRenameTo,org.apache.hadoop.hdfs.server.namenode.FSDirRenameOp.validateOverwrite,org.apache.hadoop.hdfs.server.namenode.FSDirRenameOp.validateDestination,org.apache.hadoop.hdfs.server.namenode.FSDirRenameOp.validateRenameSource"
"Request to start an already existing user: {} was received, so ignoring.","org.apache.hadoop.yarn.server.router.rmadmin.RouterRMAdminService.initializePipeline,org.apache.hadoop.yarn.server.router.webapp.RouterWebServices.initializePipeline,org.apache.hadoop.yarn.server.router.clientrm.RouterClientRMService.initializePipeline"
Exception in closing {},"org.apache.hadoop.fs.azure.NativeAzureFileSystemHelper.cleanup,org.apache.hadoop.fs.s3a.S3AUtils.closeAll,org.apache.hadoop.io.IOUtils.cleanupWithLogger"
Using leveldb path ,"org.apache.hadoop.yarn.server.timeline.RollingLevelDBTimelineStore.serviceInit,org.apache.hadoop.yarn.server.timeline.LeveldbTimelineStore.serviceInit,org.apache.hadoop.yarn.server.timeline.LevelDBCacheTimelineStore.serviceInit"
Disk Validator: yarn.nodemanager.disk-validator is loaded.,"org.apache.hadoop.yarn.server.nodemanager.DirectoryCollection.DirectoryCollection,org.apache.hadoop.yarn.server.nodemanager.containermanager.localizer.ResourceLocalizationService.serviceInit,org.apache.hadoop.yarn.server.nodemanager.containermanager.localizer.ContainerLocalizer.ContainerLocalizer"
Caught exception,"org.apache.hadoop.hdfs.DataStreamer.run,org.apache.hadoop.hdfs.DFSOutputStream.addBlock,org.apache.hadoop.hdfs.DataStreamer.closeResponder"
Value of {} is {},"org.apache.hadoop.fs.s3a.S3AUtils.longOption,org.apache.hadoop.fs.s3a.S3AUtils.intOption,org.apache.hadoop.fs.s3a.S3AUtils.longBytesOption"
notifyOfResponse for policy failed for home sub-cluster ,"org.apache.hadoop.yarn.server.nodemanager.amrmproxy.FederationInterceptor.allocate,org.apache.hadoop.yarn.server.nodemanager.amrmproxy.FederationInterceptor.sendRequestsToSecondaryResourceManagers,org.apache.hadoop.yarn.server.nodemanager.amrmproxy.FederationInterceptor.callback"
Failed to save replica  | . re-enqueueing it.,"org.apache.hadoop.hdfs.server.datanode.fsdataset.impl.FsDatasetImpl.saveNextReplica,org.apache.hadoop.hdfs.server.datanode.fsdataset.impl.FsDatasetImpl.onFailLazyPersist"
{}: masked={},"org.apache.hadoop.hdfs.DFSClient.primitiveMkdir,org.apache.hadoop.hdfs.DFSClient.create"
Authentication successful for {},"org.apache.hadoop.security.authentication.server.LdapAuthenticationHandler.authenticateWithTlsExtension,org.apache.hadoop.security.authentication.server.LdapAuthenticationHandler.authenticateWithoutTlsExtension"
Setting the includes file to ,"org.apache.hadoop.util.HostsFileReader.setIncludesFile,org.apache.hadoop.util.HostsFileReader.updateFileNames"
Force killing application: ,"org.apache.hadoop.yarn.server.MockResourceManagerFacade.forceKillApplication,org.apache.hadoop.yarn.server.router.webapp.MockDefaultRequestInterceptorREST.updateAppState"
Storing token ,"org.apache.hadoop.yarn.server.timeline.security.TimelineV1DelegationTokenSecretManagerService.removeStoredToken,org.apache.hadoop.yarn.server.timeline.security.TimelineV1DelegationTokenSecretManagerService.storeNewToken"
Failed to shutdown the request processing pipeline for app:,"org.apache.hadoop.yarn.server.nodemanager.amrmproxy.AMRMProxyService.initializePipeline,org.apache.hadoop.yarn.server.nodemanager.amrmproxy.AMRMProxyService.stopApplication"
Unknown DatanodeCommand action: ,"org.apache.hadoop.hdfs.server.datanode.BPOfferService.processCommandFromStandby,org.apache.hadoop.hdfs.server.datanode.BPOfferService.processCommandFromActive"
"enqueue full {}, src={}, bytesCurBlock={}, blockSize={}, appendChunk={}, {}","org.apache.hadoop.hdfs.DFSOutputStream.enqueueCurrentPacketFull,org.apache.hadoop.hdfs.DFSStripedOutputStream.enqueueCurrentPacketFull"
"Node {} is excluded, continuing.","org.apache.hadoop.hdfs.net.DFSNetworkTopology.chooseRandomWithStorageType,org.apache.hadoop.net.NetworkTopology.chooseRandom"
No node in path [ | ],"org.apache.hadoop.security.token.delegation.ZKDelegationTokenSecretManager.getTokenInfoFromZK,org.apache.hadoop.security.token.delegation.ZKDelegationTokenSecretManager.getKeyFromZK"
Generating {} methods,"org.apache.hadoop.yarn.webapp.hamlet.HamletGen.generate,org.apache.hadoop.yarn.webapp.hamlet2.HamletGen.generate"
Removing a node: ,"org.apache.hadoop.net.NetworkTopology.remove,org.apache.hadoop.net.NetworkTopologyWithNodeGroup.remove"
Exception reading log file ,"org.apache.hadoop.yarn.server.nodemanager.webapp.ContainerLogsUtils.openLogFileForRead,org.apache.hadoop.yarn.server.nodemanager.webapp.ContainerLogsPage.printLogFile"
"Metric name  | , value  |  has no type.","org.apache.hadoop.metrics2.sink.ganglia.GangliaSink31.emitMetric,org.apache.hadoop.metrics2.sink.ganglia.GangliaSink30.emitMetric"
Received new AMRMToken,"org.apache.hadoop.yarn.server.uam.UnmanagedApplicationManager.run,org.apache.hadoop.yarn.server.nodemanager.amrmproxy.FederationInterceptor.allocate"
"Interrupted while waiting for deletion thread to complete, closing db now","org.apache.hadoop.yarn.server.timeline.LeveldbTimelineStore.serviceStop,org.apache.hadoop.yarn.server.timeline.RollingLevelDBTimelineStore.serviceStop"
"Emitting metric  | , type  | , value  | , slope  |  from hostname ","org.apache.hadoop.metrics2.sink.ganglia.GangliaSink31.emitMetric,org.apache.hadoop.metrics2.sink.ganglia.GangliaSink30.emitMetric"
getNewApplication try # |  on SubCluster ,"org.apache.hadoop.yarn.server.router.webapp.FederationInterceptorREST.createNewApplication,org.apache.hadoop.yarn.server.router.clientrm.FederationClientInterceptor.getNewApplication"
"Log aggregation is not initialized for  | , did it fail to start?","org.apache.hadoop.yarn.server.nodemanager.containermanager.logaggregation.LogAggregationService.stopContainer,org.apache.hadoop.yarn.server.nodemanager.containermanager.logaggregation.LogAggregationService.stopApp"
chooseRandom returning {},"org.apache.hadoop.hdfs.net.DFSNetworkTopology.chooseRandomWithStorageType,org.apache.hadoop.net.NetworkTopology.chooseRandom"
"Cancelling plan on  {} failed. Result: {}, Message: {}","org.apache.hadoop.hdfs.server.diskbalancer.command.CancelCommand.cancelPlanUsingHash,org.apache.hadoop.hdfs.server.diskbalancer.command.CancelCommand.cancelPlan"
Failed to close filesystems: ,"org.apache.hadoop.yarn.server.nodemanager.containermanager.localizer.ContainerLocalizer.closeFileSystems,org.apache.hadoop.yarn.server.nodemanager.containermanager.logaggregation.LogAggregationService.closeFileSystems"
updating the following ReservationRequest: ,"org.apache.hadoop.yarn.server.resourcemanager.reservation.planning.GreedyReservationAgent.updateReservation,org.apache.hadoop.yarn.server.resourcemanager.reservation.planning.AlignedPlannerWithGreedy.updateReservation"
Unable to submit the application  | to SubCluster ,"org.apache.hadoop.yarn.server.router.webapp.FederationInterceptorREST.submitApplication,org.apache.hadoop.yarn.server.router.clientrm.FederationClientInterceptor.submitApplication"
Invalid argument: ,"org.apache.hadoop.yarn.server.nodemanager.containermanager.linux.privileged.PrivilegedOperationExecutor.squashCGroupOperations,org.apache.hadoop.hdfs.server.namenode.NameNode.parseArguments"
Connecting to ZooKeeper with SASL/Kerberosand using 'sasl' ACLs,"org.apache.hadoop.security.token.delegation.ZKDelegationTokenSecretManager.ZKDelegationTokenSecretManager,org.apache.hadoop.security.authentication.util.ZKSignerSecretProvider.createCuratorClient"
Unable to execute ,"org.apache.hadoop.ha.PowerShellFencer.tryFence,org.apache.hadoop.ha.ShellCommandFencer.tryFence"
Proxy host set without port. Using HTTP default 80,"org.apache.hadoop.fs.aliyun.oss.AliyunOSSFileSystemStore.initialize,org.apache.hadoop.fs.s3a.DefaultS3ClientFactory.initProxySupport"
Initializing request processing pipeline for the user: {},"org.apache.hadoop.yarn.server.router.rmadmin.RouterRMAdminService.initializePipeline,org.apache.hadoop.yarn.server.router.webapp.RouterWebServices.initializePipeline"
Metrics intern cache overflow at {} for {},"org.apache.hadoop.metrics2.lib.Interns.add,org.apache.hadoop.metrics2.lib.Interns.removeEldestEntry"
blockChecksum  |  received exception ,"org.apache.hadoop.hdfs.server.datanode.DataXceiver.blockGroupChecksum,org.apache.hadoop.hdfs.server.datanode.DataXceiver.blockChecksum"
Failed to create an AM: {},"org.apache.hadoop.yarn.sls.SLSRunner.startAMFromRumenTrace,org.apache.hadoop.yarn.sls.SLSRunner.startAMFromSLSTrace"
NetworkTopology became: {},"org.apache.hadoop.net.NetworkTopology.remove,org.apache.hadoop.net.NetworkTopology.add"
Error registering FSDatasetState MBean,"org.apache.hadoop.hdfs.server.datanode.SimulatedFSDataset.registerMBean,org.apache.hadoop.hdfs.server.datanode.fsdataset.impl.FsDatasetImpl.registerMBean"
Initializing Plan Follower Policy:,"org.apache.hadoop.yarn.server.resourcemanager.reservation.CapacitySchedulerPlanFollower.init,org.apache.hadoop.yarn.server.resourcemanager.reservation.FairSchedulerPlanFollower.init"
Authentication exception: ,"org.apache.hadoop.security.authentication.server.AuthenticationFilter.doFilter,org.apache.hadoop.security.token.delegation.web.DelegationTokenAuthenticationFilter.doFilter"
Application  |  already submitted on SubCluster ,"org.apache.hadoop.yarn.server.router.webapp.FederationInterceptorREST.submitApplication,org.apache.hadoop.yarn.server.router.clientrm.FederationClientInterceptor.submitApplication"
Cannot parse the value for  | :  | . Using default.,"org.apache.hadoop.fs.ftp.FTPFileSystem.setDataConnectionMode,org.apache.hadoop.fs.ftp.FTPFileSystem.getTransferMode"
"Could not destroy service [{}], {}","org.apache.hadoop.lib.server.Server.setService,org.apache.hadoop.lib.server.Server.destroyServices"
Creating new fake directory at {},"org.apache.hadoop.fs.s3a.S3AFileSystem.createFakeDirectoryIfNecessary,org.apache.hadoop.fs.aliyun.oss.AliyunOSSFileSystem.createFakeDirectoryIfNecessary"
Excluding datanode ,"org.apache.hadoop.hdfs.StripedDataStreamer.nextBlockOutputStream,org.apache.hadoop.hdfs.DataStreamer.nextBlockOutputStream"
Error retrieving tokenInfo [ | ] from ZK,"org.apache.hadoop.security.token.delegation.ZKDelegationTokenSecretManager.getTokenInfo,org.apache.hadoop.security.token.delegation.ZKDelegationTokenSecretManager.syncLocalCacheWithZk"
Launch AM ,"org.apache.hadoop.yarn.server.resourcemanager.MockRM.launchUAM,org.apache.hadoop.yarn.server.resourcemanager.MockRM.launchAM"
Found unexpected column for entity %s of  | type %s (0x%02x),"org.apache.hadoop.yarn.server.timeline.LeveldbTimelineStore.getEntity,org.apache.hadoop.yarn.server.timeline.RollingLevelDBTimelineStore.getEntity"
Original exception is ,"org.apache.hadoop.fs.azure.WasbRemoteCallHelper.shouldRetry,org.apache.hadoop.hdfs.web.WebHdfsFileSystem.shouldRetry"
Unable to remove container  |  in store,"org.apache.hadoop.yarn.server.nodemanager.recovery.NMLeveldbStateStoreService.loadContainersState,org.apache.hadoop.yarn.server.nodemanager.NodeStatusUpdaterImpl.removeVeryOldStoppedContainersFromCache"
"Rolling master-key for container-tokens, got key with id ","org.apache.hadoop.yarn.server.nodemanager.security.NMTokenSecretManagerInNM.setMasterKey,org.apache.hadoop.yarn.server.nodemanager.security.NMContainerTokenSecretManager.setMasterKey"
Failed to delete restart meta file: ,"org.apache.hadoop.hdfs.server.datanode.fsdataset.impl.BlockPoolSlice.addReplicaToReplicasMap,org.apache.hadoop.hdfs.server.datanode.LocalReplicaInPipeline.createRestartMetaStream"
Wrote {} bytes to {}.java,"org.apache.hadoop.yarn.webapp.hamlet.HamletGen.generate,org.apache.hadoop.yarn.webapp.hamlet2.HamletGen.generate"
closing the hbase Connection,"org.apache.hadoop.yarn.server.timelineservice.storage.HBaseTimelineWriterImpl.serviceStop,org.apache.hadoop.yarn.server.timelineservice.storage.HBaseTimelineReaderImpl.serviceStop"
Error removing AMRMProxy application context for ,"org.apache.hadoop.yarn.server.nodemanager.amrmproxy.AMRMProxyService.initializePipeline,org.apache.hadoop.yarn.server.nodemanager.amrmproxy.AMRMProxyService.stopApplication"
Try timeline store {}:{} for the request,"org.apache.hadoop.yarn.server.timeline.EntityGroupFSTimelineStore.getEntity,org.apache.hadoop.yarn.server.timeline.EntityGroupFSTimelineStore.getEntityTimelines"
"The bound port is  | , different with configured port ","org.apache.hadoop.oncrpc.RpcProgram.unregister,org.apache.hadoop.oncrpc.RpcProgram.register"
Interrupted while waiting for fencing command: ,"org.apache.hadoop.ha.PowerShellFencer.tryFence,org.apache.hadoop.ha.ShellCommandFencer.tryFence"
Application  |  with appId  |  submitted on ,"org.apache.hadoop.yarn.server.router.webapp.FederationInterceptorREST.submitApplication,org.apache.hadoop.yarn.server.router.clientrm.FederationClientInterceptor.submitApplication"
Overwriting file {},"org.apache.hadoop.fs.aliyun.oss.AliyunOSSFileSystem.create,org.apache.hadoop.fs.s3a.S3AFileSystem.create"
Removing CPU constraints for YARN containers.,"org.apache.hadoop.yarn.server.nodemanager.containermanager.linux.resources.CGroupsCpuResourceHandlerImpl.bootstrap,org.apache.hadoop.yarn.server.nodemanager.util.CgroupsLCEResourcesHandler.init"
"truncating long string:  |  chars, starting with ","org.apache.hadoop.io.UTF8.set,org.apache.hadoop.io.UTF8.writeString"
Failed to get nodes report ,"org.apache.hadoop.yarn.server.router.webapp.FederationInterceptorREST.getClusterMetricsInfo,org.apache.hadoop.yarn.server.router.webapp.FederationInterceptorREST.getNodes"
"OUTCOME: SUCCESS, Reservation ID:  | , Contract: ","org.apache.hadoop.yarn.server.resourcemanager.reservation.planning.AlignedPlannerWithGreedy.createReservation,org.apache.hadoop.yarn.server.resourcemanager.reservation.planning.GreedyReservationAgent.createReservation"
Failed to kill unmanaged application master,"org.apache.hadoop.yarn.server.uam.UnmanagedAMPoolManager.call,org.apache.hadoop.yarn.server.uam.UnmanagedAMPoolManager.serviceStop"
Unable to create directory: ,"org.apache.hadoop.yarn.server.nodemanager.containermanager.linux.runtime.docker.DockerClient.DockerClient,org.apache.hadoop.yarn.server.nodemanager.containermanager.linux.resources.TrafficController.bootstrap"
Metric was emitted with no name.,"org.apache.hadoop.metrics2.sink.ganglia.GangliaSink31.emitMetric,org.apache.hadoop.metrics2.sink.ganglia.GangliaSink30.emitMetric"
In memory blockUCState = {},"org.apache.hadoop.hdfs.server.blockmanagement.BlockManager.reportDiffSortedInner,org.apache.hadoop.hdfs.server.blockmanagement.BlockManager.processAndHandleReportedBlock"
Exception while trying to get password for alias  | : ,"org.apache.hadoop.security.LdapGroupsMapping.getPassword,org.apache.hadoop.security.ssl.FileBasedKeyStoresFactory.getPassword"
Retrieving checksum from an earlier-version DataNode: inferring checksum by reading first byte,"org.apache.hadoop.hdfs.FileChecksumHelper.tryDatanode,org.apache.hadoop.hdfs.server.datanode.BlockChecksumHelper.checksumBlock"
Initiating Multipart upload,"org.apache.hadoop.fs.s3a.S3AFileSystem.initiateMultiPartUpload,org.apache.hadoop.fs.s3a.S3ABlockOutputStream.uploadCurrentBlock"
NetworkTopology became:\n,"org.apache.hadoop.net.NetworkTopologyWithNodeGroup.remove,org.apache.hadoop.net.NetworkTopologyWithNodeGroup.add"
Discarded  |  entities for timestamp  |  and earlier in  |  seconds,"org.apache.hadoop.yarn.server.timeline.RollingLevelDBTimelineStore.discardOldEntities,org.apache.hadoop.yarn.server.timeline.LeveldbTimelineStore.discardOldEntities"
Found Checksum error for  |  from  |  at ,"org.apache.hadoop.hdfs.DFSInputStream.readBuffer,org.apache.hadoop.hdfs.StripeReader.readToBuffer"
Storing timeline store version info ,"org.apache.hadoop.yarn.server.timeline.RollingLevelDBTimelineStore.checkVersion,org.apache.hadoop.yarn.server.timeline.LeveldbTimelineStore.checkVersion"
Event  |  sent to absent application ,"org.apache.hadoop.yarn.server.nodemanager.containermanager.ContainerManagerImpl.handle,org.apache.hadoop.yarn.server.nodemanager.amrmproxy.AMRMProxyService.handle"
I/O error finding interface  | : ,"org.apache.hadoop.net.DNS.getIPs,org.apache.hadoop.net.DNS.getIPsAsInetAddressList"
*DIR* NameNode.rename:  |  to ,"org.apache.hadoop.hdfs.server.namenode.NameNodeRpcServer.rename2,org.apache.hadoop.hdfs.server.namenode.NameNodeRpcServer.rename"
Unable to create a new ApplicationId in SubCluster ,"org.apache.hadoop.yarn.server.router.webapp.FederationInterceptorREST.createNewApplication,org.apache.hadoop.yarn.server.router.clientrm.FederationClientInterceptor.getNewApplication"
Error while reading ,"org.apache.hadoop.mapreduce.v2.app.webapp.ConfBlock.render,org.apache.hadoop.yarn.server.nodemanager.containermanager.linux.resources.CGroupsHandlerImpl.parseMtab"
 znode already exists !!,"org.apache.hadoop.security.token.delegation.ZKDelegationTokenSecretManager.createPersistentNode,org.apache.hadoop.security.token.delegation.ZKDelegationTokenSecretManager.addOrUpdateDelegationKey"
 is interrupted. Exiting.,"org.apache.hadoop.yarn.server.nodemanager.NodeResourceMonitorImpl.run,org.apache.hadoop.yarn.server.nodemanager.containermanager.monitor.ContainersMonitorImpl.run"
submitApplication appId |  try # |  on SubCluster ,"org.apache.hadoop.yarn.server.router.webapp.FederationInterceptorREST.submitApplication,org.apache.hadoop.yarn.server.router.clientrm.FederationClientInterceptor.submitApplication"
"OUTCOME: FAILURE, Reservation ID:  | , Contract: ","org.apache.hadoop.yarn.server.resourcemanager.reservation.planning.AlignedPlannerWithGreedy.createReservation,org.apache.hadoop.yarn.server.resourcemanager.reservation.planning.GreedyReservationAgent.createReservation"
Couldn't delete {} - does not exist,"org.apache.hadoop.fs.s3a.S3AFileSystem.delete,org.apache.hadoop.fs.aliyun.oss.AliyunOSSFileSystem.delete"
The background thread stopped.,"org.apache.hadoop.yarn.server.sharedcachemanager.CleanerService.serviceStop,org.apache.hadoop.yarn.server.sharedcachemanager.store.InMemorySCMStore.serviceStop"
"src={}, datanodes[{}]={}","org.apache.hadoop.hdfs.FileChecksumHelper.checksumBlock,org.apache.hadoop.hdfs.FileChecksumHelper.checksumBlockGroup"
Connecting to ZooKeeper without authentication,"org.apache.hadoop.security.token.delegation.ZKDelegationTokenSecretManager.ZKDelegationTokenSecretManager,org.apache.hadoop.security.authentication.util.ZKSignerSecretProvider.createCuratorClient"
Path is a file,"org.apache.hadoop.fs.s3a.S3AFileSystem.listLocatedStatus,org.apache.hadoop.fs.s3a.S3AFileSystem.innerListFiles"
Initiating re-login for ,"org.apache.hadoop.security.UserGroupInformation.reloginFromKeytab,org.apache.hadoop.security.UserGroupInformation.reloginFromTicketCache"
Got access token error in response to OP_BLOCK_CHECKSUM for file {} for block {} from datanode {}. Will retry the block once.,"org.apache.hadoop.hdfs.FileChecksumHelper.checksumBlock,org.apache.hadoop.hdfs.FileChecksumHelper.checksumBlockGroup"
Application submitted: ,"org.apache.hadoop.yarn.server.MockResourceManagerFacade.submitApplication,org.apache.hadoop.yarn.server.router.webapp.MockDefaultRequestInterceptorREST.submitApplication"
Adding a new node: ,"org.apache.hadoop.net.NetworkTopology.add,org.apache.hadoop.net.NetworkTopologyWithNodeGroup.add"
Waiting for deletion thread to complete its current action,"org.apache.hadoop.yarn.server.timeline.LeveldbTimelineStore.serviceStop,org.apache.hadoop.yarn.server.timeline.RollingLevelDBTimelineStore.serviceStop"
Copied  |  to ,"org.apache.hadoop.hdfs.server.datanode.DataXceiver.copyBlock,org.apache.hadoop.hdfs.server.datanode.fsdataset.impl.FsDatasetImpl.copyBlockFiles"
"No fallback behavior defined in store, defaulting to XML configuration fallback behavior.","org.apache.hadoop.yarn.server.federation.policies.RouterPolicyFacade.RouterPolicyFacade,org.apache.hadoop.yarn.server.federation.policies.FederationPolicyUtils.loadPolicyConfiguration"
Setting  |  to ,"org.apache.hadoop.hdfs.server.namenode.NameNode.initializeGenericKeys,org.apache.hadoop.security.SecurityUtil.setTokenServiceUseIp"
Failed to serialize statistics,"org.apache.hadoop.hdfs.server.blockmanagement.SlowPeerTracker.getJson,org.apache.hadoop.hdfs.server.blockmanagement.SlowDiskTracker.getSlowDiskReportAsJsonString"
Proxy host set without port. Using HTTPS default 443,"org.apache.hadoop.fs.aliyun.oss.AliyunOSSFileSystemStore.initialize,org.apache.hadoop.fs.s3a.DefaultS3ClientFactory.initProxySupport"
removing the following ReservationId: ,"org.apache.hadoop.yarn.server.resourcemanager.reservation.planning.GreedyReservationAgent.deleteReservation,org.apache.hadoop.yarn.server.resourcemanager.reservation.planning.AlignedPlannerWithGreedy.deleteReservation"
Cannot find FsVolumeSpi to report bad block: ,"org.apache.hadoop.hdfs.server.datanode.DataNode.reportBadBlock,org.apache.hadoop.hdfs.server.datanode.DataNode.reportBadBlocks"
getting attribute  |  of  |  threw an exception,"org.apache.hadoop.jmx.JMXJsonServlet.listBeans,org.apache.hadoop.jmx.JMXJsonServlet.writeAttribute"
ResourceCalculatorPlugin is unavailable on this system.  |  is disabled.,"org.apache.hadoop.yarn.server.nodemanager.NodeResourceMonitorImpl.isEnabled,org.apache.hadoop.yarn.server.nodemanager.containermanager.monitor.ContainersMonitorImpl.isResourceCalculatorAvailable"
"write to {}: {}, block={}","org.apache.hadoop.hdfs.FileChecksumHelper.tryDatanode,org.apache.hadoop.hdfs.server.datanode.BlockChecksumHelper.checksumBlock"
Lack of free storage on a block alloc,"org.apache.hadoop.hdfs.server.datanode.SimulatedFSDataset.finalizeBlock,org.apache.hadoop.hdfs.server.datanode.SimulatedFSDataset.BInfo"
Starting deletion thread with ttl  |  and cycle  | interval ,"org.apache.hadoop.yarn.server.timeline.RollingLevelDBTimelineStore.EntityDeletionThread,org.apache.hadoop.yarn.server.timeline.LeveldbTimelineStore.EntityDeletionThread"
Launch container failed. Exception: ,"org.apache.hadoop.yarn.server.nodemanager.containermanager.linux.runtime.DockerLinuxContainerRuntime.launchContainer,org.apache.hadoop.yarn.server.nodemanager.containermanager.linux.runtime.DefaultLinuxContainerRuntime.launchContainer"
Generating {} using {} and {},"org.apache.hadoop.yarn.webapp.hamlet.HamletGen.generate,org.apache.hadoop.yarn.webapp.hamlet2.HamletGen.generate"
createCgroup: ,"org.apache.hadoop.yarn.server.nodemanager.util.CgroupsLCEResourcesHandler.createCgroup,org.apache.hadoop.yarn.server.nodemanager.containermanager.linux.resources.CGroupsHandlerImpl.createCGroup"
One of the nodes is a null pointer,"org.apache.hadoop.net.NetworkTopology.getDistanceByPath,org.apache.hadoop.net.NetworkTopology.getDistance"
Setting the excludes file to ,"org.apache.hadoop.util.HostsFileReader.setExcludesFile,org.apache.hadoop.util.HostsFileReader.updateFileNames"
Moving {} to {},"org.apache.hadoop.fs.azure.NativeAzureFileSystem.rename,org.apache.hadoop.fs.azure.AzureNativeFileSystemStore.rename"
BLOCK* Removing {} from neededReconstruction as it has enough replicas,"org.apache.hadoop.hdfs.server.blockmanagement.BlockManager.validateReconstructionWork,org.apache.hadoop.hdfs.server.blockmanagement.BlockManager.scheduleReconstruction"
"Deletion thread received interrupt, exiting","org.apache.hadoop.yarn.server.timeline.RollingLevelDBTimelineStore.run,org.apache.hadoop.yarn.server.timeline.LeveldbTimelineStore.run"
Error putting entity  |  of type ,"org.apache.hadoop.yarn.server.timeline.RollingLevelDBTimelineStore.putEntities,org.apache.hadoop.yarn.server.timeline.LeveldbTimelineStore.put"
 Using ResourceCalculatorPlugin : ,"org.apache.hadoop.yarn.server.nodemanager.containermanager.monitor.ContainersMonitorImpl.serviceInit,org.apache.hadoop.yarn.server.nodemanager.NodeResourceMonitorImpl.serviceInit"
Exception while reading from  |  of  |  from ,"org.apache.hadoop.hdfs.DFSInputStream.readBuffer,org.apache.hadoop.hdfs.StripeReader.readToBuffer"
Exception for ,"org.apache.hadoop.hdfs.DataStreamer.run,org.apache.hadoop.hdfs.server.datanode.BlockReceiver.receiveBlock"
Error while decoding ,"org.apache.hadoop.yarn.server.timeline.RollingLevelDBTimelineStore.getEntityEvent,org.apache.hadoop.yarn.server.timeline.RollingLevelDBTimelineStore.addPrimaryFilter"
Registered FSDatasetState MBean,"org.apache.hadoop.hdfs.server.datanode.SimulatedFSDataset.registerMBean,org.apache.hadoop.hdfs.server.datanode.fsdataset.impl.FsDatasetImpl.registerMBean"
Using UGI token: {},"org.apache.hadoop.fs.azure.SecureWasbRemoteCallHelper.getDelegationToken,org.apache.hadoop.hdfs.web.WebHdfsFileSystem.getDelegationToken"
Warning: reset job {} start time to 0.,"org.apache.hadoop.yarn.sls.SLSRunner.createAMForJob,org.apache.hadoop.yarn.sls.SLSRunner.startAMFromSynthGenerator"
"convertToByteBufferState is invoked, not efficiently. Please use direct ByteBuffer inputs/outputs","org.apache.hadoop.io.erasurecode.rawcoder.AbstractNativeRawEncoder.doEncode,org.apache.hadoop.io.erasurecode.rawcoder.AbstractNativeRawDecoder.doDecode"
Unrecognized domain column: ,"org.apache.hadoop.yarn.server.timeline.RollingLevelDBTimelineStore.getTimelineDomain,org.apache.hadoop.yarn.server.timeline.LeveldbTimelineStore.getTimelineDomain"
Error when verifying access for user  |  on the events of the timeline entity ,"org.apache.hadoop.yarn.server.timeline.TimelineDataManager.check,org.apache.hadoop.yarn.server.timeline.TimelineDataManager.doGetEvents"
YARN containers restricted to  |  cores,"org.apache.hadoop.yarn.server.nodemanager.containermanager.linux.resources.CGroupsCpuResourceHandlerImpl.bootstrap,org.apache.hadoop.yarn.server.nodemanager.util.CgroupsLCEResourcesHandler.init"
Encountered exception during uploading block for Blob {} Exception : {},"org.apache.hadoop.fs.azure.BlockBlobAppendStream.writeBlockRequestInternal,org.apache.hadoop.fs.azure.BlockBlobAppendStream.writeBlockListRequestInternal"