log,callsite
Submitting index build of {} for data in {},"org.apache.cassandra.index.internal.CassandraIndex.buildBlocking,org.apache.cassandra.index.SecondaryIndexManager.buildIndexesBlocking,org.apache.cassandra.index.internal.CustomCassandraIndex.buildBlocking"
Index build of {} complete,"org.apache.cassandra.index.internal.CassandraIndex.buildBlocking,org.apache.cassandra.index.SecondaryIndexManager.buildIndexesBlocking,org.apache.cassandra.index.internal.CustomCassandraIndex.buildBlocking"
"No SSTable data for {}.{} to build index {} from, marking empty index as built","org.apache.cassandra.index.internal.CassandraIndex.buildBlocking,org.apache.cassandra.index.internal.CustomCassandraIndex.buildBlocking"
Error closing socket,"org.apache.cassandra.net.IncomingTcpConnection.close,org.apache.cassandra.net.IncomingStreamingConnection.close"
Invocation of user-defined function '{}' failed,"org.apache.cassandra.cql3.functions.UDFunction.executeForAggregate,org.apache.cassandra.cql3.functions.UDFunction.execute"
Exception writing to internal frame buffer,"org.apache.cassandra.thrift.Cassandra.onComplete,org.apache.cassandra.thrift.Cassandra.getResultHandler,org.apache.cassandra.thrift.Cassandra.onError"
Could not configure socket.,"org.apache.cassandra.thrift.TCustomSocket.initSocket,org.apache.cassandra.thrift.TCustomSocket.TCustomSocket"
Could not set socket timeout.,"org.apache.cassandra.thrift.TCustomServerSocket.listen,org.apache.cassandra.thrift.TCustomSocket.setTimeout"
Failed to apply mutation locally : {},"org.apache.cassandra.service.StorageProxy.runMayThrow,org.apache.cassandra.service.StorageProxy.performLocally"
Including expired sstables: {},"org.apache.cassandra.db.compaction.TimeWindowCompactionStrategy.getNextBackgroundSSTables,org.apache.cassandra.db.compaction.DateTieredCompactionStrategy.getNextBackgroundSSTables"
Snapshot-based repair is not yet supported on Windows.  Reverting to parallel repair.,"org.apache.cassandra.service.StorageService.forceRepairAsync,org.apache.cassandra.service.StorageService.forceRepairRangeAsync"
Permissions for JMX resource contains invalid ObjectName {},"org.apache.cassandra.auth.jmx.AuthorizationProxy.checkExact,org.apache.cassandra.auth.jmx.AuthorizationProxy.checkPattern"
[repair #{}] {},"org.apache.cassandra.repair.RepairJob.sendValidationRequest,org.apache.cassandra.repair.RepairJob.sendSequentialValidationRequest,org.apache.cassandra.repair.LocalSyncTask.startSync,org.apache.cassandra.repair.RepairSession.start,org.apache.cassandra.repair.LocalSyncTask.onSuccess,org.apache.cassandra.repair.RemoteSyncTask.startSync,org.apache.cassandra.repair.RepairJob.sendDCAwareValidationRequest,org.apache.cassandra.repair.RepairSession.validationComplete"
Validating {},"org.apache.cassandra.repair.RepairMessageVerbHandler.doVerb,org.apache.cassandra.repair.RepairJob.sendSequentialValidationRequest,org.apache.cassandra.repair.RepairJob.onSuccess,org.apache.cassandra.repair.RepairJob.sendDCAwareValidationRequest"
[{}] {},"org.apache.cassandra.db.rows.UnfilteredRowIterators.loggingIterator,org.apache.cassandra.db.rows.RowIterators.applyToStatic,org.apache.cassandra.db.rows.UnfilteredRowIterators.applyToMarker,org.apache.cassandra.db.rows.RowIterators.loggingIterator,org.apache.cassandra.db.rows.RowIterators.applyToRow,org.apache.cassandra.db.rows.UnfilteredRowIterators.applyToRow,org.apache.cassandra.db.rows.UnfilteredRowIterators.applyToStatic"
Notified {},"org.apache.cassandra.gms.Gossiper.realMarkAlive,org.apache.cassandra.gms.Gossiper.markDead"
Opening {} ({}),"org.apache.cassandra.io.sstable.format.SSTableReader.open,org.apache.cassandra.io.sstable.format.SSTableReader.openForBatch"
Initializing {}.{},"org.apache.cassandra.db.ColumnFamilyStore.ColumnFamilyStore,org.apache.cassandra.db.Keyspace.Keyspace"
"[Stream #{}] Start receiving file #{} from {}, repairedAt = {}, size = {}, ks = '{}', table = '{}'.","org.apache.cassandra.streaming.StreamReader.read,org.apache.cassandra.streaming.compress.CompressedStreamReader.read"
Unable to mark {} for compaction; probably a background compaction got to it first.  You can disable background compactions temporarily if this is a problem,"org.apache.cassandra.db.compaction.TimeWindowCompactionStrategy.getUserDefinedTask,org.apache.cassandra.db.compaction.LeveledCompactionStrategy.getUserDefinedTask,org.apache.cassandra.db.compaction.DateTieredCompactionStrategy.getUserDefinedTask,org.apache.cassandra.db.compaction.SizeTieredCompactionStrategy.getUserDefinedTask"
Removed index entry for value {},"org.apache.cassandra.index.internal.CustomCassandraIndex.doDelete,org.apache.cassandra.index.internal.CassandraIndex.doDelete"
Removed index entry for stale value {},"org.apache.cassandra.index.internal.CustomCassandraIndex.deleteStaleEntry,org.apache.cassandra.index.internal.CassandraIndex.deleteStaleEntry"
Compaction buckets are {},"org.apache.cassandra.db.compaction.SizeTieredCompactionStrategy.getNextBackgroundSSTables,org.apache.cassandra.db.compaction.DateTieredCompactionStrategy.getCompactionCandidates"
Sleeping for {}ms to ensure {} does not change,"org.apache.cassandra.gms.Gossiper.assassinateEndpoint,org.apache.cassandra.gms.Gossiper.advertiseRemoving"
"[Stream #{}] Start streaming file {} to {}, repairedAt = {}, totalSize = {}","org.apache.cassandra.streaming.StreamWriter.write,org.apache.cassandra.streaming.compress.CompressedStreamWriter.write"
"Cannot read sstable {}; file system error, skipping table","org.apache.cassandra.io.sstable.format.SSTableReader.openAll,org.apache.cassandra.io.sstable.format.SSTableReader.run,org.apache.cassandra.db.ColumnFamilyStore.loadNewSSTables"
Corrupt sstable {}; skipping table,"org.apache.cassandra.io.sstable.format.SSTableReader.openAll,org.apache.cassandra.io.sstable.format.SSTableReader.run,org.apache.cassandra.db.ColumnFamilyStore.loadNewSSTables"
"Cannot read sstable {}; other IO error, skipping table","org.apache.cassandra.io.sstable.format.SSTableReader.openAll,org.apache.cassandra.io.sstable.format.SSTableReader.run,org.apache.cassandra.db.ColumnFamilyStore.loadNewSSTables"
Failed to set keep-alive on Thrift socket.,"org.apache.cassandra.thrift.TCustomServerSocket.acceptImpl,org.apache.cassandra.thrift.TCustomNonblockingServerSocket.acceptImpl"
"[Stream #{}] Finished receiving file #{} from {} readBytes = {}, totalSize = {}","org.apache.cassandra.streaming.StreamReader.read,org.apache.cassandra.streaming.compress.CompressedStreamReader.read"
"[Stream #{}] Finished streaming file {} to {}, bytesTransferred = {}, totalSize = {}","org.apache.cassandra.streaming.StreamWriter.write,org.apache.cassandra.streaming.compress.CompressedStreamWriter.write"
Failed to set send buffer size on Thrift socket.,"org.apache.cassandra.thrift.TCustomServerSocket.acceptImpl,org.apache.cassandra.thrift.TCustomNonblockingServerSocket.acceptImpl"
Schema does not exist for file {}. Skipping.,"org.apache.cassandra.db.compaction.CompactionManager.forceUserDefinedCompaction,org.apache.cassandra.db.compaction.CompactionManager.forceUserDefinedCleanup"
Cleanup cannot run before a node has joined the ring,"org.apache.cassandra.db.compaction.CompactionManager.performCleanup,org.apache.cassandra.db.compaction.CompactionManager.forceUserDefinedCleanup"
Incremental repair can't be requested with subrange repair because each subrange repair would generate an anti-compacted table. The repair will occur but without anti-compaction.,"org.apache.cassandra.repair.messages.RepairOption.parse,org.apache.cassandra.service.StorageService.forceRepairRangeAsync"
Exception in thread ,"org.apache.cassandra.service.CassandraDaemon.uncaughtException,org.apache.cassandra.service.CassandraDaemon.setup"
Staging for obsolescence {},"org.apache.cassandra.db.lifecycle.LifecycleTransaction.obsoleteOriginals,org.apache.cassandra.db.lifecycle.LifecycleTransaction.obsolete"
[Stream {}] Error while reading partition {} from stream on ks='{}' and table='{}'.,"org.apache.cassandra.streaming.StreamReader.read,org.apache.cassandra.streaming.compress.CompressedStreamReader.read"
Conversion error,"org.apache.cassandra.auth.CassandraRoleManager.convertLegacyData,org.apache.cassandra.auth.CassandraAuthorizer.convertLegacyData"
Cannot start multiple repair sessions over the same sstables,"org.apache.cassandra.service.ActiveRepairService.markSSTablesRepairing,org.apache.cassandra.service.ActiveRepairService.maybeSnapshot"
Error performing internal authentication,"org.apache.cassandra.auth.PasswordAuthenticator.authenticate,org.apache.cassandra.auth.PasswordAuthenticator.queryHashedPassword"
Inserted entry into index for value {},"org.apache.cassandra.index.internal.CassandraIndex.insert,org.apache.cassandra.index.internal.CustomCassandraIndex.insert"
Failed to set receive buffer size on Thrift socket.,"org.apache.cassandra.thrift.TCustomServerSocket.acceptImpl,org.apache.cassandra.thrift.TCustomNonblockingServerSocket.acceptImpl"
"Cannot open {}; partitioner {} does not match system partitioner {}.  Note that the default partitioner starting with Cassandra 1.2 is Murmur3Partitioner, so you will need to edit that to match your old partitioner if upgrading.","org.apache.cassandra.io.sstable.format.SSTableReader.open,org.apache.cassandra.io.sstable.format.SSTableReader.openForBatch"
Drop table '{}/{}',"org.apache.cassandra.service.MigrationManager.announceColumnFamilyDrop,org.apache.cassandra.service.MigrationManager.announceViewDrop"
Enqueuing response to snapshot request {} to {},"org.apache.cassandra.repair.RepairMessageVerbHandler.doVerb,org.apache.cassandra.service.SnapshotVerbHandler.doVerb"