log,callsite
successfully sync committed. sync id [{}].,"org.elasticsearch.index.engine.InternalEngine.tryRenewSyncCommit,org.elasticsearch.index.engine.InternalEngine.syncFlush"
using cache to retrieve node list,"org.elasticsearch.discovery.azure.classic.AzureUnicastHostsProvider.buildDynamicNodes,org.elasticsearch.discovery.gce.GceUnicastHostsProvider.buildDynamicNodes"
using refresh_interval [{}],"org.elasticsearch.monitor.jvm.JvmService.JvmService,org.elasticsearch.monitor.fs.FsService.FsService,org.elasticsearch.monitor.os.OsService.OsService,org.elasticsearch.monitor.process.ProcessService.ProcessService"
"{}: no primary shard store found or allocated, letting actual allocation figure it out","org.elasticsearch.gateway.ReplicaShardAllocator.processExistingRecoveries,org.elasticsearch.gateway.ReplicaShardAllocator.makeAllocationDecision"
Using basic key/secret credentials,"org.elasticsearch.repositories.s3.InternalAwsS3Service.buildCredentials,org.elasticsearch.discovery.ec2.AwsEc2ServiceImpl.buildCredentials"
[{}]: finishing early because the task was cancelled,"org.elasticsearch.index.reindex.AbstractAsyncBulkByScrollAction.start,org.elasticsearch.index.reindex.AbstractAsyncBulkByScrollAction.sendBulkRequest,org.elasticsearch.index.reindex.AbstractAsyncBulkByScrollAction.onScrollResponse,org.elasticsearch.index.reindex.AbstractAsyncBulkByScrollAction.startNextScroll,org.elasticsearch.index.reindex.AbstractAsyncBulkByScrollAction.prepareBulkRequest"
marked [{}] as in-sync,"org.elasticsearch.index.seqno.GlobalCheckpointTracker.updateLocalCheckpoint,org.elasticsearch.index.seqno.GlobalCheckpointTracker.markAllocationIdAsInSync"
[{}] failed to find metadata for existing index location,"org.elasticsearch.gateway.MetaStateService.loadFullState,org.elasticsearch.gateway.MetaStateService.loadIndicesStates"
Failed to update snapshot state ,"org.elasticsearch.snapshots.SnapshotsService.applyClusterState,org.elasticsearch.snapshots.SnapshotShardsService.clusterChanged"
failed to send bad request response,"org.elasticsearch.rest.RestController.dispatchBadRequest,org.elasticsearch.rest.RestController.handleUnsupportedHttpMethod"
"cluster state updated, source [{}] {}","org.elasticsearch.cluster.service.MasterService.runTasks,org.elasticsearch.cluster.service.ClusterApplierService.runTask"
failed to sync translog,"org.elasticsearch.index.shard.IndexShard.write,org.elasticsearch.index.IndexService.maybeFSyncTranslogs"
cannot mlockall because JNA is not available,"org.elasticsearch.bootstrap.Natives.tryMlockall,org.elasticsearch.bootstrap.Natives.tryVirtualLock"
"writeBlob({}, stream, {})","org.elasticsearch.repositories.azure.AzureBlobContainer.writeBlob,org.elasticsearch.repositories.azure.AzureStorageServiceImpl.writeBlob"
"cluster state updated, version [{}], source [{}]","org.elasticsearch.cluster.service.MasterService.runTasks,org.elasticsearch.cluster.service.ClusterApplierService.runTask"
put repository [{}],"org.elasticsearch.repositories.RepositoriesService.registerRepository,org.elasticsearch.repositories.RepositoriesService.execute"
"[{}] [{}] Aborted on the file [{}], exiting","org.elasticsearch.repositories.blobstore.BlobStoreRepository.checkAborted,org.elasticsearch.repositories.blobstore.BlobStoreRepository.snapshot"
{} node(s) added,"org.elasticsearch.discovery.azure.classic.AzureUnicastHostsProvider.buildDynamicNodes,org.elasticsearch.discovery.gce.GceUnicastHostsProvider.buildDynamicNodes"
processing [{}]: execute,"org.elasticsearch.cluster.service.MasterService.runTasks,org.elasticsearch.cluster.service.ClusterApplierService.runTask"
using dynamic discovery nodes {},"org.elasticsearch.discovery.gce.GceUnicastHostsProvider.buildDynamicNodes,org.elasticsearch.discovery.ec2.AwsEc2UnicastHostsProvider.fetchDynamicNodes"
channel closed: {},"org.elasticsearch.transport.nio.OpenChannels.channelClosed,org.elasticsearch.transport.netty4.Netty4OpenChannelsHandler.operationComplete"
cannot notify file changes listener,"org.elasticsearch.watcher.FileWatcher.onFileCreated,org.elasticsearch.watcher.FileWatcher.onFileChanged,org.elasticsearch.watcher.FileWatcher.onDirectoryCreated,org.elasticsearch.watcher.FileWatcher.onDirectoryDeleted,org.elasticsearch.watcher.FileWatcher.onFileDeleted"
failed to send response for get,"org.elasticsearch.action.support.single.instance.TransportInstanceSingleOperationAction.onFailure,org.elasticsearch.action.support.single.shard.TransportSingleShardAction.onFailure,org.elasticsearch.action.support.single.instance.TransportInstanceSingleOperationAction.messageReceived,org.elasticsearch.action.support.single.shard.TransportSingleShardAction.messageReceived"
error while sending ping response,"org.elasticsearch.discovery.zen.MasterFaultDetection.clusterStateProcessed,org.elasticsearch.discovery.zen.MasterFaultDetection.messageReceived,org.elasticsearch.discovery.zen.MasterFaultDetection.onFailure"
failed to combine responses from nodes,"org.elasticsearch.action.support.broadcast.node.TransportBroadcastByNodeAction.onCompletion,org.elasticsearch.action.support.nodes.TransportNodesAction.finishHim,org.elasticsearch.action.support.tasks.TransportTasksAction.finishHim"
failed to send response on cluster state processed,"org.elasticsearch.discovery.zen.PublishClusterStateAction.onFailure,org.elasticsearch.discovery.zen.PublishClusterStateAction.onResponse,org.elasticsearch.discovery.zen.PublishClusterStateAction.handleCommitRequest"
updating [{}] from [{}] to [{}],"org.elasticsearch.common.settings.Setting.apply,org.elasticsearch.common.settings.Setting.compoundUpdater,org.elasticsearch.common.settings.Setting.newUpdater"
failed send response for allocating dangled,"org.elasticsearch.gateway.LocalAllocateDangledIndices.messageReceived,org.elasticsearch.gateway.LocalAllocateDangledIndices.onFailure,org.elasticsearch.gateway.LocalAllocateDangledIndices.clusterStateProcessed"
can not access [{}] in container {{}}: {},"org.elasticsearch.repositories.azure.AzureBlobContainer.listBlobsByPrefix,org.elasticsearch.repositories.azure.AzureBlobContainer.blobExists,org.elasticsearch.repositories.azure.AzureBlobContainer.deleteBlob"
"cluster is blocked, scheduling a retry","org.elasticsearch.action.bulk.TransportBulkAction.handleBlockExceptions,org.elasticsearch.action.support.replication.TransportReplicationAction.handleBlockException"
Failed to execute IndicesStatsAction for ClusterInfoUpdateJob,"org.elasticsearch.cluster.InternalClusterInfoService.onFailure,org.elasticsearch.cluster.InternalClusterInfoService.refresh"
blocking I/O operation for file [{}] at path [{}],"org.elasticsearch.snapshots.mockstore.MockRepository.blockExecutionAndFail,org.elasticsearch.snapshots.mockstore.MockRepository.blockExecutionAndMaybeWait"
exception while closing channels,"org.elasticsearch.http.netty4.Netty4HttpServerTransport.doStop,org.elasticsearch.transport.netty4.Netty4OpenChannelsHandler.close"
processing [{}]: took [{}] no change in cluster state,"org.elasticsearch.cluster.service.MasterService.runTasks,org.elasticsearch.cluster.service.ClusterApplierService.runTask"
store cannot be marked as corrupted,"org.elasticsearch.repositories.blobstore.BlobStoreRepository.failStoreIfCorrupted,org.elasticsearch.repositories.blobstore.BlobStoreRepository.restoreFile"
"{} canceled recovery from {}, id [{}] (reason [{}])","org.elasticsearch.indices.recovery.RecoveriesCollection.cancelRecovery,org.elasticsearch.indices.recovery.RecoveriesCollection.cancelRecoveriesForShard"
Failed to execute NodeStatsAction for ClusterInfoUpdateJob,"org.elasticsearch.cluster.InternalClusterInfoService.onFailure,org.elasticsearch.cluster.InternalClusterInfoService.refresh"
failed to send response,"org.elasticsearch.action.support.replication.TransportReplicationAction.onFailure,org.elasticsearch.action.support.replication.TransportReplicationAction.createResponseListener"
{},"org.elasticsearch.transport.TransportService.doStart,org.elasticsearch.indices.recovery.PeerRecoveryTargetService.doRecovery,org.elasticsearch.common.breaker.ChildMemoryCircuitBreaker.circuitBreak,org.elasticsearch.common.breaker.MemoryCircuitBreaker.circuitBreak,org.elasticsearch.http.netty4.Netty4HttpServerTransport.doStart,org.elasticsearch.index.engine.ElasticsearchConcurrentMergeScheduler.doMerge,org.elasticsearch.index.IndexingSlowLog.postIndex,org.elasticsearch.index.SearchSlowLog.onFetchPhase,org.elasticsearch.index.SearchSlowLog.onQueryPhase"
"{}, reason: {}","org.elasticsearch.cluster.service.MasterService.runTasks,org.elasticsearch.cluster.service.ClusterApplierService.applyChanges"