log,callsite
Conversation {} has expired for {},"[org.apache.wicket.cdi.ConversationExpiryChecker.onBeforeRender-info Superclass: null , org.apache.wicket.cdi.ConversationPropagator.onRequestHandlerResolved-info Superclass: null ]"
Error while filtering content,"[org.apache.wicket.request.resource.JavaScriptPackageResource.processResponse-error Superclass: org.apache.wicket.request.resource.PackageResource , org.apache.wicket.request.resource.CssPackageResource.processResponse-error Superclass: org.apache.wicket.request.resource.PackageResource ]"
Saving asynchronously: {}...,"[org.apache.wicket.pageStore.AsynchronousPageStore.run-debug Superclass: null , org.apache.wicket.pageStore.AsynchronousDataStore.run-debug Superclass: null ]"
Attempted to use HTTP2 Push but it is not supported for the current request: {}!,"[org.apache.wicket.http2.markup.head.UndertowPushBuilder.push-warn Superclass: null , org.apache.wicket.http2.markup.head.Jetty9PushBuilder.push-warn Superclass: null , org.apache.wicket.http2.markup.head.Servlet4PushBuilder.push-warn Superclass: null , org.apache.wicket.http2.markup.head.Tomcat85PushBuilder.push-warn Superclass: null ]"
Could not notify listener,"[org.apache.wicket.application.ReloadingClassLoader.onChange-error Superclass: java.net.URLClassLoader , org.apache.wicket.application.ReloadingClassLoader.watchForModifications-error Superclass: java.net.URLClassLoader ]"
Error invoking listener:,"[org.apache.wicket.util.listener.ListenerCollection.reversedNotifyIgnoringExceptions-error Superclass: null , org.apache.wicket.util.listener.ListenerCollection.notifyIgnoringExceptions-error Superclass: null , org.apache.wicket.util.listener.ListenerCollection.notify-error Superclass: null ]"
"Class file | has changed, reloading","[org.apache.wicket.application.ReloadingClassLoader.watchForModifications-info Superclass: java.net.URLClassLoader , org.apache.wicket.application.ReloadingClassLoader.onChange-info Superclass: java.net.URLClassLoader ]"
PropertiesReloadListener has thrown an exception:,"[org.apache.wicket.resource.PropertiesFactory.onChange-error Superclass: null , org.apache.wicket.resource.PropertiesFactory.addToWatcher-error Superclass: null ]"
ms server time taken for request | response size:,"[org.apache.wicket.response.filter.ServerAndClientTimeFilter.filter-info Superclass: null , org.apache.wicket.response.filter.AjaxServerAndClientTimeFilter.filter-info Superclass: null ]"
A properties files has changed. Removing all entries | from the cache. Resource:,"[org.apache.wicket.resource.PropertiesFactory.addToWatcher-info Superclass: null , org.apache.wicket.resource.PropertiesFactory.onChange-info Superclass: null ]"
Propagating non-transient conversation {} via page parameters of handler {},"[org.apache.wicket.cdi.ConversationPropagator.onRequestHandlerExecuted-debug Superclass: null , org.apache.wicket.cdi.ConversationPropagator.onRequestHandlerScheduled-debug Superclass: null ]"
Page {} cannot be serialized. See previous logs for possible reasons.,"[org.apache.wicket.pageStore.AbstractPageStore.serializePage-warn Superclass: null , org.apache.wicket.pageStore.DefaultPageStore.createSerializedPage-warn Superclass: org.apache.wicket.pageStore.AbstractCachingPageStore ]"
unexpected invocation of #onError() on {},"[org.apache.wicket.ajax.markup.html.form.AjaxButton.onError-warn Superclass: org.apache.wicket.markup.html.form.Button , org.apache.wicket.ajax.markup.html.form.AjaxSubmitLink.onError-warn Superclass: org.apache.wicket.markup.html.form.AbstractSubmitLink ]"
behavior not enabled; ignore call. Behavior {} at component {},"[org.apache.wicket.RequestListenerInterface.invoke-warn Superclass: null , org.apache.wicket.core.request.handler.ListenerRequestHandler.invoke-warn Superclass: null ]"
unexpected invocation of #onSubmit() on {},"[org.apache.wicket.ajax.markup.html.form.AjaxSubmitLink.onSubmit-warn Superclass: org.apache.wicket.markup.html.form.AbstractSubmitLink , org.apache.wicket.ajax.markup.html.form.AjaxButton.onSubmit-warn Superclass: org.apache.wicket.markup.html.form.Button ]"
Storing synchronously page with id '{}' in session '{}',"[org.apache.wicket.pageStore.AsynchronousDataStore.storeData-debug Superclass: null , org.apache.wicket.pageStore.AsynchronousPageStore.storePage-debug Superclass: null ]"
component not enabled or visible; ignoring call. Component:,"[org.apache.wicket.RequestListenerInterface.invoke-info Superclass: null , org.apache.wicket.core.request.handler.ListenerRequestHandler.invoke-info Superclass: null ]"
Activating conversation {},"[org.apache.wicket.cdi.ConversationPropagator.onRequestHandlerResolved-debug Superclass: null , org.apache.wicket.cdi.ConversationPropagator.activateConversationIfNeeded-debug Superclass: null ]"
unexpected invocation of #onAfterSubmit() on {},"[org.apache.wicket.ajax.markup.html.form.AjaxSubmitLink.onAfterSubmit-warn Superclass: org.apache.wicket.markup.html.form.AbstractSubmitLink , org.apache.wicket.ajax.markup.html.form.AjaxButton.onAfterSubmit-warn Superclass: org.apache.wicket.markup.html.form.Button ]"
Markup not found:,"[org.apache.wicket.markup.MarkupFactory.loadMarkup-error Superclass: null , org.apache.wicket.markup.MarkupCache.onMarkupNotFound-debug Superclass: null ]"
Remove markup from watcher:,"[org.apache.wicket.markup.MarkupCache.onChange-debug Superclass: null , org.apache.wicket.markup.MarkupCache.loadMarkupAndWatchForChanges-debug Superclass: null ]"