log,callsite
Invalid connector status type {},"[org.apache.kafka.connect.storage.KafkaStatusBackingStore.parseConnectorStatus-error Superclass: null , org.apache.kafka.connect.storage.KafkaStatusBackingStore.parseTaskStatus-error Superclass: null ]"
Creating admin client to manage Connect internal config topic,"[org.apache.kafka.connect.storage.KafkaConfigBackingStore.createKafkaBasedLog-debug Superclass: null , org.apache.kafka.connect.storage.KafkaConfigBackingStore.run-debug Superclass: null ]"
Creating admin client to manage Connect internal offset topic,"[org.apache.kafka.connect.storage.KafkaOffsetBackingStore.run-debug Superclass: null , org.apache.kafka.connect.storage.KafkaOffsetBackingStore.createKafkaBasedLog-debug Superclass: null ]"
Creating admin client to manage Connect internal status topic,"[org.apache.kafka.connect.storage.KafkaStatusBackingStore.createKafkaBasedLog-debug Superclass: null , org.apache.kafka.connect.storage.KafkaStatusBackingStore.run-debug Superclass: null ]"
Failed to shut down connector,"[org.apache.kafka.connect.runtime.distributed.DistributedHerder.call-error Superclass: org.apache.kafka.connect.runtime.AbstractHerder , org.apache.kafka.connect.runtime.distributed.DistributedHerder.getConnectorStoppingCallable-error Superclass: org.apache.kafka.connect.runtime.AbstractHerder ]"
Failed to create channel due to,"[org.apache.kafka.common.network.SaslChannelBuilder.buildChannel-info Superclass: null , org.apache.kafka.common.network.PlaintextChannelBuilder.buildChannel-warn Superclass: null , org.apache.kafka.common.network.SslChannelBuilder.buildChannel-info Superclass: null ]"
Server response mentioned unknown topic {},"[org.apache.kafka.clients.admin.KafkaAdminClient.createTopics-warn Superclass: org.apache.kafka.clients.admin.AdminClient , org.apache.kafka.clients.admin.KafkaAdminClient.deleteTopics-warn Superclass: org.apache.kafka.clients.admin.AdminClient , org.apache.kafka.clients.admin.KafkaAdminClient.handleResponse-warn Superclass: org.apache.kafka.clients.admin.AdminClient ]"
Unexpected error during task reconfiguration:,"[org.apache.kafka.connect.runtime.distributed.DistributedHerder.requestTaskReconfiguration-error Superclass: org.apache.kafka.connect.runtime.AbstractHerder , org.apache.kafka.connect.runtime.distributed.DistributedHerder.onCompletion-error Superclass: org.apache.kafka.connect.runtime.AbstractHerder ]"
"Failed to reconfigure connector's tasks, retrying after backoff:","[org.apache.kafka.connect.runtime.distributed.DistributedHerder.reconfigureConnectorTasksWithRetry-error Superclass: org.apache.kafka.connect.runtime.AbstractHerder , org.apache.kafka.connect.runtime.distributed.DistributedHerder.onCompletion-error Superclass: org.apache.kafka.connect.runtime.AbstractHerder ]"
EXPECTED TASKS: {},"[org.apache.kafka.trogdor.common.ExpectedTasks.waitFor-info Superclass: null , org.apache.kafka.trogdor.common.ExpectedTasks.conditionMet-info Superclass: null ]"
Unable to get agent status,"[org.apache.kafka.trogdor.common.ExpectedTasks.waitFor-info Superclass: null , org.apache.kafka.trogdor.common.ExpectedTasks.conditionMet-info Superclass: null ]"
Unable to get coordinator tasks,"[org.apache.kafka.trogdor.common.ExpectedTasks.waitFor-info Superclass: null , org.apache.kafka.trogdor.common.ExpectedTasks.conditionMet-info Superclass: null ]"
EXPECTED WORKERS: {},"[org.apache.kafka.trogdor.common.ExpectedTasks.waitFor-info Superclass: null , org.apache.kafka.trogdor.common.ExpectedTasks.conditionMet-info Superclass: null ]"
Could not close transformation chain,"[org.apache.kafka.connect.runtime.WorkerSourceTask.close-warn Superclass: org.apache.kafka.connect.runtime.WorkerTask , org.apache.kafka.connect.runtime.WorkerSinkTask.close-warn Superclass: org.apache.kafka.connect.runtime.WorkerTask ]"
Resuming partitions {},"[org.apache.kafka.streams.processor.internals.TaskManager.updateNewAndRestoringTasks-trace Superclass: null , org.apache.kafka.clients.consumer.KafkaConsumer.resume-debug Superclass: null ]"
{} Committing offsets,"[org.apache.kafka.connect.runtime.WorkerSourceTask.commitOffsets-info Superclass: org.apache.kafka.connect.runtime.WorkerTask , org.apache.kafka.connect.runtime.SourceTaskOffsetCommitter.commit-debug Superclass: null ]"
Running coordinator shutdown hook.,"[org.apache.kafka.trogdor.coordinator.Coordinator.run-warn Superclass: null , org.apache.kafka.trogdor.coordinator.Coordinator.main-warn Superclass: null ]"
Running agent shutdown hook.,"[org.apache.kafka.trogdor.agent.Agent.run-warn Superclass: null , org.apache.kafka.trogdor.agent.Agent.main-warn Superclass: null ]"
Failed to close producer due to the following error:,"[org.apache.kafka.streams.processor.internals.StreamThread.close-error Superclass: java.lang.Thread , org.apache.kafka.streams.processor.internals.StreamTask.maybeAbortTransactionAndCloseRecordCollector-error Superclass: org.apache.kafka.streams.processor.internals.AbstractTask ]"
Got exception while running agent shutdown hook.,"[org.apache.kafka.trogdor.agent.Agent.run-error Superclass: null , org.apache.kafka.trogdor.agent.Agent.main-error Superclass: null ]"
Error executing interceptor onAcknowledgement callback,"[org.apache.kafka.clients.producer.internals.ProducerInterceptors.onSendError-warn Superclass: null , org.apache.kafka.clients.producer.internals.ProducerInterceptors.onAcknowledgement-warn Superclass: null ]"
Could not stop task,"[org.apache.kafka.connect.runtime.WorkerSinkTask.close-warn Superclass: org.apache.kafka.connect.runtime.WorkerTask , org.apache.kafka.connect.runtime.WorkerSourceTask.tryStop-warn Superclass: org.apache.kafka.connect.runtime.WorkerTask ]"
Got exception while running coordinator shutdown hook.,"[org.apache.kafka.trogdor.coordinator.Coordinator.main-error Superclass: null , org.apache.kafka.trogdor.coordinator.Coordinator.run-error Superclass: null ]"
Scanning for plugin classes. This might take a moment ...,"[org.apache.kafka.connect.cli.ConnectDistributed.main-info Superclass: null , org.apache.kafka.connect.cli.ConnectStandalone.main-info Superclass: null ]"
Unexpected state transition from {} to {},"[org.apache.kafka.streams.processor.internals.StreamThread.setState-error Superclass: java.lang.Thread , org.apache.kafka.streams.processor.internals.GlobalStreamThread.setState-error Superclass: java.lang.Thread ]"
Skipping record due to null key. change=[{}] topic=[{}] partition=[{}] offset=[{}],"[org.apache.kafka.streams.kstream.internals.KTableKTableLeftJoin.process-warn Superclass: org.apache.kafka.streams.kstream.internals.KTableKTableAbstractJoin , org.apache.kafka.streams.kstream.internals.KTableKTableRightJoin.process-warn Superclass: org.apache.kafka.streams.kstream.internals.KTableKTableAbstractJoin , org.apache.kafka.streams.kstream.internals.KTableKTableInnerJoin.process-warn Superclass: org.apache.kafka.streams.kstream.internals.KTableKTableAbstractJoin , org.apache.kafka.streams.kstream.internals.KTableKTableOuterJoin.process-warn Superclass: org.apache.kafka.streams.kstream.internals.KTableKTableAbstractJoin ]"
"Extensions callback is not supported by client callback handler {}, no extensions will be added","[org.apache.kafka.common.security.oauthbearer.internals.OAuthBearerSaslClient.retrieveCustomExtensions-debug Superclass: null , org.apache.kafka.common.security.scram.internals.ScramSaslClient.evaluateChallenge-debug Superclass: null ]"
Skipping record due to null key or value. key=[{}] value=[{}] topic=[{}] partition=[{}] offset=[{}],"[org.apache.kafka.streams.kstream.internals.KStreamKStreamJoin.process-warn Superclass: null , org.apache.kafka.streams.kstream.internals.KStreamAggregate.process-warn Superclass: null , org.apache.kafka.streams.kstream.internals.KStreamReduce.process-warn Superclass: null , org.apache.kafka.streams.kstream.internals.KStreamKTableJoinProcessor.process-warn Superclass: org.apache.kafka.streams.processor.AbstractProcessor ]"
"Exception caught during Deserialization, taskId: {}, topic: {}, partition: {}, offset: {}","[org.apache.kafka.streams.errors.LogAndFailExceptionHandler.handle-error Superclass: null , org.apache.kafka.streams.errors.LogAndContinueExceptionHandler.handle-warn Superclass: null ]"
Stopping due to error,"[org.apache.kafka.connect.cli.ConnectDistributed.main-error Superclass: null , org.apache.kafka.connect.cli.ConnectStandalone.main-error Superclass: null ]"
Skipping record due to null key. value=[{}] topic=[{}] partition=[{}] offset=[{}],"[org.apache.kafka.streams.kstream.internals.KStreamSessionWindowAggregate.process-warn Superclass: null , org.apache.kafka.streams.kstream.internals.KStreamWindowAggregate.process-warn Superclass: null ]"
{} Task failed initialization and will not be started.,"[org.apache.kafka.connect.runtime.WorkerSinkTask.initialize-error Superclass: org.apache.kafka.connect.runtime.WorkerTask , org.apache.kafka.connect.runtime.WorkerSourceTask.initialize-error Superclass: org.apache.kafka.connect.runtime.WorkerTask ]"
"Task reconfiguration for {} failed unexpectedly, this connector will not be properly reconfigured unless manually triggered.","[org.apache.kafka.connect.runtime.distributed.DistributedHerder.requestTaskReconfiguration-error Superclass: org.apache.kafka.connect.runtime.AbstractHerder , org.apache.kafka.connect.runtime.distributed.DistributedHerder.reconfigureConnectorTasksWithRetry-error Superclass: org.apache.kafka.connect.runtime.AbstractHerder , org.apache.kafka.connect.runtime.distributed.DistributedHerder.onCompletion-error Superclass: org.apache.kafka.connect.runtime.AbstractHerder ]"
Resetting sequence number of batch with current sequence {} for partition {} to {},"[org.apache.kafka.clients.producer.internals.TransactionManager.adjustSequencesDueToFailedBatch-info Superclass: null , org.apache.kafka.clients.producer.internals.TransactionManager.startSequencesAtBeginning-info Superclass: null ]"
Unable to stop REST server,"[org.apache.kafka.trogdor.rest.JsonRestServer.beginShutdown-error Superclass: null , org.apache.kafka.trogdor.rest.JsonRestServer.call-error Superclass: null ]"
Successfully logged in.,"[org.apache.kafka.common.security.oauthbearer.internals.expiring.ExpiringCredentialRefreshingLogin.login-info Superclass: null , org.apache.kafka.common.security.authenticator.AbstractLogin.login-info Superclass: null ]"
Shutdown complete,"[org.apache.kafka.streams.processor.internals.StreamThread.completeShutdown-info Superclass: java.lang.Thread , org.apache.kafka.streams.processor.internals.GlobalStreamThread.run-info Superclass: java.lang.Thread ]"
Cancelled request with header {} due to node {} being disconnected,"[org.apache.kafka.clients.consumer.internals.ConsumerNetworkClient.fireCompletion-debug Superclass: null , org.apache.kafka.clients.producer.internals.Sender.handleProduceResponse-trace Superclass: null ]"
Uncaught exception in REST call to /{},"[org.apache.kafka.connect.runtime.rest.errors.ConnectExceptionMapper.toResponse-error Superclass: null , org.apache.kafka.connect.runtime.rest.errors.ConnectExceptionMapper.toResponse-debug Superclass: null ]"
REST server stopped,"[org.apache.kafka.trogdor.rest.JsonRestServer.call-info Superclass: null , org.apache.kafka.connect.runtime.rest.RestServer.stop-info Superclass: null , org.apache.kafka.trogdor.rest.JsonRestServer.beginShutdown-info Superclass: null ]"
Initiating logout for {},"[org.apache.kafka.common.security.oauthbearer.internals.expiring.ExpiringCredentialRefreshingLogin.reLogin-info Superclass: null , org.apache.kafka.common.security.kerberos.KerberosLogin.reLogin-info Superclass: org.apache.kafka.common.security.authenticator.AbstractLogin ]"
Herder starting,"[org.apache.kafka.connect.runtime.standalone.StandaloneHerder.start-info Superclass: org.apache.kafka.connect.runtime.AbstractHerder , org.apache.kafka.connect.runtime.distributed.DistributedHerder.run-info Superclass: org.apache.kafka.connect.runtime.AbstractHerder ]"
Could not get number of partitions for topic {} due to timeout. Will try again (remaining retries {}).,"[org.apache.kafka.streams.processor.internals.InternalTopicManager.makeReady-debug Superclass: null , org.apache.kafka.streams.processor.internals.InternalTopicManager.getNumPartitions-debug Superclass: null ]"
Removing connector config {} {},"[org.apache.kafka.connect.runtime.distributed.DistributedHerder.call-trace Superclass: org.apache.kafka.connect.runtime.AbstractHerder , org.apache.kafka.connect.runtime.distributed.DistributedHerder.deleteConnectorConfig-trace Superclass: org.apache.kafka.connect.runtime.AbstractHerder ]"
Uncaught exception in thread '{}':,"[org.apache.kafka.common.utils.KafkaThread.configureThread-error Superclass: java.lang.Thread , org.apache.kafka.common.utils.KafkaThread.uncaughtException-error Superclass: java.lang.Thread ]"
Terminating process due to signal {},"[org.apache.kafka.common.utils.LoggingSignalHandler.invoke-info Superclass: null , org.apache.kafka.common.utils.LoggingSignalHandler.createSignalHandler-info Superclass: null ]"
Handling connector config request {},"[org.apache.kafka.connect.runtime.distributed.DistributedHerder.call-trace Superclass: org.apache.kafka.connect.runtime.AbstractHerder , org.apache.kafka.connect.runtime.distributed.DistributedHerder.putConnectorConfig-trace Superclass: org.apache.kafka.connect.runtime.AbstractHerder , org.apache.kafka.connect.runtime.distributed.DistributedHerder.deleteConnectorConfig-trace Superclass: org.apache.kafka.connect.runtime.AbstractHerder ]"
{} Failed to flush offsets to storage:,"[org.apache.kafka.connect.runtime.WorkerSourceTask.commitOffsets-error Superclass: org.apache.kafka.connect.runtime.WorkerTask , org.apache.kafka.connect.runtime.WorkerSourceTask.onCompletion-error Superclass: org.apache.kafka.connect.runtime.WorkerTask ]"
Resuming,"[org.apache.kafka.streams.processor.internals.StandbyTask.resume-debug Superclass: org.apache.kafka.streams.processor.internals.AbstractTask , org.apache.kafka.streams.processor.internals.StreamTask.resume-debug Superclass: org.apache.kafka.streams.processor.internals.AbstractTask ]"
Failed while closing {} {} due to the following error:,"[org.apache.kafka.streams.processor.internals.AssignedTasks.close-error Superclass: null , org.apache.kafka.streams.processor.internals.AssignedTasks.closeUnclean-error Superclass: null ]"
State transition from {} to {},"[org.apache.kafka.streams.processor.internals.StreamThread.setState-info Superclass: java.lang.Thread , org.apache.kafka.streams.KafkaStreams.setState-info Superclass: null , org.apache.kafka.streams.processor.internals.GlobalStreamThread.setState-info Superclass: java.lang.Thread ]"
{} Error while shutting down connector,"[org.apache.kafka.connect.runtime.WorkerConnector.pause-error Superclass: null , org.apache.kafka.connect.runtime.WorkerConnector.shutdown-error Superclass: null ]"
Triggering connector failure,"[org.apache.kafka.connect.tools.MockConnector.run-debug Superclass: org.apache.kafka.connect.connector.Connector , org.apache.kafka.connect.tools.MockConnector.start-debug Superclass: org.apache.kafka.connect.connector.Connector ]"
Shutting down,"[org.apache.kafka.streams.processor.internals.StreamThread.completeShutdown-info Superclass: java.lang.Thread , org.apache.kafka.streams.processor.internals.GlobalStreamThread.run-info Superclass: java.lang.Thread ]"
Error sending record (key {} value {} timestamp {}) to topic {} due to {}; No more records will be sent and no more offsets will be recorded for this task.,"[org.apache.kafka.streams.processor.internals.RecordCollectorImpl.onCompletion-warn Superclass: null , org.apache.kafka.streams.processor.internals.RecordCollectorImpl.send-warn Superclass: null ]"
Unexpected error during connector task reconfiguration:,"[org.apache.kafka.connect.runtime.distributed.DistributedHerder.reconfigureConnectorTasksWithRetry-error Superclass: org.apache.kafka.connect.runtime.AbstractHerder , org.apache.kafka.connect.runtime.distributed.DistributedHerder.onCompletion-error Superclass: org.apache.kafka.connect.runtime.AbstractHerder ]"
Registered java.sql.Driver: {} to java.sql.DriverManager,"[org.apache.kafka.connect.runtime.isolation.DelegatingClassLoader.run-debug Superclass: java.net.URLClassLoader , org.apache.kafka.connect.runtime.isolation.DelegatingClassLoader.loadJdbcDrivers-debug Superclass: java.net.URLClassLoader ]"
{}: Worker {} is halting with error {},"[org.apache.kafka.trogdor.agent.WorkerManager.createWorker-info Superclass: null , org.apache.kafka.trogdor.agent.WorkerManager.apply-info Superclass: null ]"
Successfully joined group with generation {},"[org.apache.kafka.clients.consumer.internals.AbstractCoordinator.onSuccess-info Superclass: null , org.apache.kafka.clients.consumer.internals.AbstractCoordinator.initiateJoinGroup-info Superclass: null ]"
Closing,"[org.apache.kafka.streams.processor.internals.StreamTask.close-debug Superclass: org.apache.kafka.streams.processor.internals.AbstractTask , org.apache.kafka.streams.processor.internals.StandbyTask.close-debug Superclass: org.apache.kafka.streams.processor.internals.AbstractTask ]"
Asynchronous auto-commit of offsets {} failed: {},"[org.apache.kafka.clients.consumer.internals.ConsumerCoordinator.doAutoCommitOffsetsAsync-warn Superclass: org.apache.kafka.clients.consumer.internals.AbstractCoordinator , org.apache.kafka.clients.consumer.internals.ConsumerCoordinator.onComplete-warn Superclass: org.apache.kafka.clients.consumer.internals.AbstractCoordinator ]"
Committing,"[org.apache.kafka.streams.processor.internals.StreamTask.commit-debug Superclass: org.apache.kafka.streams.processor.internals.AbstractTask , org.apache.kafka.streams.processor.internals.StandbyTask.commit-trace Superclass: org.apache.kafka.streams.processor.internals.AbstractTask ]"
Herder started,"[org.apache.kafka.connect.runtime.standalone.StandaloneHerder.start-info Superclass: org.apache.kafka.connect.runtime.AbstractHerder , org.apache.kafka.connect.runtime.distributed.DistributedHerder.run-info Superclass: org.apache.kafka.connect.runtime.AbstractHerder ]"
Thread got interrupted. This indicates a bug. Please report at https://issues.apache.org/jira/projects/KAFKA or dev-mailing list (https://kafka.apache.org/contact).,"[org.apache.kafka.streams.processor.internals.InternalTopicManager.makeReady-error Superclass: null , org.apache.kafka.streams.processor.internals.InternalTopicManager.getNumPartitions-error Superclass: null ]"
Completed asynchronous auto-commit of offsets {},"[org.apache.kafka.clients.consumer.internals.ConsumerCoordinator.doAutoCommitOffsetsAsync-debug Superclass: org.apache.kafka.clients.consumer.internals.AbstractCoordinator , org.apache.kafka.clients.consumer.internals.ConsumerCoordinator.onComplete-debug Superclass: org.apache.kafka.clients.consumer.internals.AbstractCoordinator ]"
Kafka cluster ID: {},"[org.apache.kafka.connect.util.ConnectUtils.lookupKafkaClusterId-info Superclass: null , org.apache.kafka.connect.cli.ConnectDistributed.main-debug Superclass: null , org.apache.kafka.connect.cli.ConnectStandalone.main-debug Superclass: null ]"
Herder stopped,"[org.apache.kafka.connect.runtime.distributed.DistributedHerder.run-info Superclass: org.apache.kafka.connect.runtime.AbstractHerder , org.apache.kafka.connect.runtime.distributed.DistributedHerder.stop-info Superclass: org.apache.kafka.connect.runtime.AbstractHerder , org.apache.kafka.connect.runtime.standalone.StandaloneHerder.stop-info Superclass: org.apache.kafka.connect.runtime.AbstractHerder ]"
ACTUAL WORKERS : {},"[org.apache.kafka.trogdor.common.ExpectedTasks.waitFor-info Superclass: null , org.apache.kafka.trogdor.common.ExpectedTasks.conditionMet-info Superclass: null ]"
Couldn't instantiate task {} because it has an invalid task configuration. This task will not execute until reconfigured.,"[org.apache.kafka.connect.runtime.distributed.DistributedHerder.call-error Superclass: org.apache.kafka.connect.runtime.AbstractHerder , org.apache.kafka.connect.runtime.distributed.DistributedHerder.getTaskStartingCallable-error Superclass: org.apache.kafka.connect.runtime.AbstractHerder ]"
{} Finished flushing offsets to storage,"[org.apache.kafka.connect.runtime.WorkerSourceTask.commitOffsets-trace Superclass: org.apache.kafka.connect.runtime.WorkerTask , org.apache.kafka.connect.runtime.WorkerSourceTask.onCompletion-trace Superclass: org.apache.kafka.connect.runtime.WorkerTask ]"
Submitting connector config {} {} {},"[org.apache.kafka.connect.runtime.distributed.DistributedHerder.call-trace Superclass: org.apache.kafka.connect.runtime.AbstractHerder , org.apache.kafka.connect.runtime.distributed.DistributedHerder.putConnectorConfig-trace Superclass: org.apache.kafka.connect.runtime.AbstractHerder ]"
Initializing state stores,"[org.apache.kafka.streams.processor.internals.StreamTask.initializeStateStores-trace Superclass: org.apache.kafka.streams.processor.internals.AbstractTask , org.apache.kafka.streams.processor.internals.AbstractTask.registerStateStores-trace Superclass: null , org.apache.kafka.streams.processor.internals.StandbyTask.initializeStateStores-trace Superclass: org.apache.kafka.streams.processor.internals.AbstractTask ]"
Received ListOffsetResponse {} from broker {},"[org.apache.kafka.clients.consumer.internals.Fetcher.onSuccess-trace Superclass: null , org.apache.kafka.clients.consumer.internals.Fetcher.sendListOffsetRequest-trace Superclass: null ]"
{}: Worker {} is halting.,"[org.apache.kafka.trogdor.agent.WorkerManager.createWorker-info Superclass: null , org.apache.kafka.trogdor.agent.WorkerManager.apply-info Superclass: null ]"
Failed to write status update,"[org.apache.kafka.connect.storage.KafkaStatusBackingStore.onCompletion-error Superclass: null , org.apache.kafka.connect.storage.KafkaStatusBackingStore.send-error Superclass: null ]"
Request to leader to reconfigure connector tasks failed,"[org.apache.kafka.connect.runtime.distributed.DistributedHerder.run-error Superclass: org.apache.kafka.connect.runtime.AbstractHerder , org.apache.kafka.connect.runtime.distributed.DistributedHerder.reconfigureConnector-error Superclass: org.apache.kafka.connect.runtime.AbstractHerder ]"
{} failed to send record to {}: {},"[org.apache.kafka.connect.runtime.WorkerSourceTask.onCompletion-error Superclass: org.apache.kafka.connect.runtime.WorkerTask , org.apache.kafka.connect.runtime.WorkerSourceTask.sendRecords-error Superclass: org.apache.kafka.connect.runtime.WorkerTask ]"
Ignoring java.sql.Driver classes listed in resources but not present in class loader's classpath:,"[org.apache.kafka.connect.runtime.isolation.DelegatingClassLoader.run-debug Superclass: java.net.URLClassLoader , org.apache.kafka.connect.runtime.isolation.DelegatingClassLoader.loadJdbcDrivers-debug Superclass: java.net.URLClassLoader ]"
Error sending records (key=[{}] value=[{}] timestamp=[{}]) to topic=[{}] and partition=[{}]; The exception handler chose to CONTINUE processing in spite of this error.,"[org.apache.kafka.streams.processor.internals.RecordCollectorImpl.onCompletion-warn Superclass: null , org.apache.kafka.streams.processor.internals.RecordCollectorImpl.send-warn Superclass: null ]"
Asynchronous auto-commit of offsets {} failed due to retriable error: {},"[org.apache.kafka.clients.consumer.internals.ConsumerCoordinator.doAutoCommitOffsetsAsync-debug Superclass: org.apache.kafka.clients.consumer.internals.AbstractCoordinator , org.apache.kafka.clients.consumer.internals.ConsumerCoordinator.onComplete-debug Superclass: org.apache.kafka.clients.consumer.internals.AbstractCoordinator ]"
Error reading the error stream,"[org.apache.kafka.common.utils.Shell.runCommand-warn Superclass: null , org.apache.kafka.common.utils.Shell.run-warn Superclass: null ]"
Starting REST server,"[org.apache.kafka.trogdor.rest.JsonRestServer.start-info Superclass: null , org.apache.kafka.connect.runtime.rest.RestServer.start-info Superclass: null ]"
Created connector {},"[org.apache.kafka.connect.cli.ConnectStandalone.main-info Superclass: null , org.apache.kafka.connect.cli.ConnectStandalone.onCompletion-info Superclass: null ]"
{} Connector raised an error,"[org.apache.kafka.connect.runtime.WorkerConnector.initialize-error Superclass: null , org.apache.kafka.connect.runtime.WorkerConnector.raiseError-error Superclass: null ]"
Couldn't instantiate connector | because it has an invalid connector | configuration. This connector will not execute until reconfigured.,"[org.apache.kafka.connect.runtime.distributed.DistributedHerder.call-error Superclass: org.apache.kafka.connect.runtime.AbstractHerder , org.apache.kafka.connect.runtime.distributed.DistributedHerder.getConnectorStartingCallable-error Superclass: org.apache.kafka.connect.runtime.AbstractHerder ]"
Herder stopping,"[org.apache.kafka.connect.runtime.distributed.DistributedHerder.stop-info Superclass: org.apache.kafka.connect.runtime.AbstractHerder , org.apache.kafka.connect.runtime.standalone.StandaloneHerder.stop-info Superclass: org.apache.kafka.connect.runtime.AbstractHerder ]"
Found expiring credential with principal '{}'.,"[org.apache.kafka.common.security.oauthbearer.internals.OAuthBearerRefreshingLogin.configure-debug Superclass: null , org.apache.kafka.common.security.oauthbearer.internals.OAuthBearerRefreshingLogin.expiringCredential-debug Superclass: null ]"
Invoking {} at {},"[org.apache.kafka.common.utils.MockScheduler.schedule-trace Superclass: null , org.apache.kafka.common.utils.MockScheduler.apply-trace Superclass: null , org.apache.kafka.common.utils.MockScheduler.call-trace Superclass: null ]"
Failed to close consumer due to the following error:,"[org.apache.kafka.streams.processor.internals.StreamThread.completeShutdown-error Superclass: java.lang.Thread , org.apache.kafka.streams.processor.internals.GlobalStreamThread.close-error Superclass: java.lang.Thread ]"
Stopping REST server,"[org.apache.kafka.trogdor.rest.JsonRestServer.call-info Superclass: null , org.apache.kafka.connect.runtime.rest.RestServer.stop-info Superclass: null , org.apache.kafka.trogdor.rest.JsonRestServer.beginShutdown-info Superclass: null ]"
{}: Got exception when sending message {}: {},"[org.apache.kafka.trogdor.workload.RoundTripWorker.run-info Superclass: null , org.apache.kafka.trogdor.workload.RoundTripWorker.onCompletion-info Superclass: null ]"
Sending {} with input {} to {},"[org.apache.kafka.connect.runtime.rest.RestClient.httpRequest-trace Superclass: null , org.apache.kafka.trogdor.rest.JsonRestServer.httpRequest-debug Superclass: null ]"
Discarding error in ListOffsetResponse because another error is pending,"[org.apache.kafka.clients.consumer.internals.Fetcher.onFailure-error Superclass: null , org.apache.kafka.clients.consumer.internals.Fetcher.resetOffsetsAsync-error Superclass: null ]"
Skipping reconfiguration of connector {} since it is not running,"[org.apache.kafka.connect.runtime.distributed.DistributedHerder.reconfigureConnector-info Superclass: org.apache.kafka.connect.runtime.AbstractHerder , org.apache.kafka.connect.runtime.standalone.StandaloneHerder.updateConnectorTasks-info Superclass: org.apache.kafka.connect.runtime.AbstractHerder ]"
Suspending,"[org.apache.kafka.streams.processor.internals.StandbyTask.suspend-debug Superclass: org.apache.kafka.streams.processor.internals.AbstractTask , org.apache.kafka.streams.processor.internals.StreamTask.suspend-debug Superclass: org.apache.kafka.streams.processor.internals.AbstractTask ]"
Unable to find FetchSessionHandler for node {}. Ignoring fetch response.,"[org.apache.kafka.clients.consumer.internals.Fetcher.sendFetches-error Superclass: null , org.apache.kafka.clients.consumer.internals.Fetcher.onSuccess-error Superclass: null ]"
Unable to initialize {},"[org.apache.kafka.trogdor.common.MiniTrogdorCluster.build-error Superclass: null , org.apache.kafka.trogdor.common.MiniTrogdorCluster.call-error Superclass: null ]"
"Skipping record for expired window. key=[{}] topic=[{}] partition=[{}] offset=[{}] timestamp=[{}] window=[{},{}) expiration=[{}]","[org.apache.kafka.streams.kstream.internals.KStreamWindowAggregate.process-debug Superclass: null , org.apache.kafka.streams.kstream.internals.KStreamSessionWindowAggregate.process-debug Superclass: null ]"
Fetch {} at offset {} for partition {} returned fetch data {},"[org.apache.kafka.clients.consumer.internals.Fetcher.onSuccess-debug Superclass: null , org.apache.kafka.clients.consumer.internals.Fetcher.sendFetches-debug Superclass: null ]"
{} Failed record: {},"[org.apache.kafka.connect.runtime.WorkerSourceTask.sendRecords-debug Superclass: org.apache.kafka.connect.runtime.WorkerTask , org.apache.kafka.connect.runtime.WorkerSourceTask.onCompletion-debug Superclass: org.apache.kafka.connect.runtime.WorkerTask ]"
Skipping return offset for {} due to error {}.,"[org.apache.kafka.clients.admin.KafkaAdminClient.listConsumerGroupOffsets-warn Superclass: org.apache.kafka.clients.admin.AdminClient , org.apache.kafka.clients.admin.KafkaAdminClient.handleResponse-warn Superclass: org.apache.kafka.clients.admin.AdminClient ]"
{} Wrote record successfully: topic {} partition {} offset {},"[org.apache.kafka.connect.runtime.WorkerSourceTask.sendRecords-trace Superclass: org.apache.kafka.connect.runtime.WorkerTask , org.apache.kafka.connect.runtime.WorkerSourceTask.onCompletion-trace Superclass: org.apache.kafka.connect.runtime.WorkerTask ]"
Failed to create job for {},"[org.apache.kafka.connect.cli.ConnectStandalone.onCompletion-error Superclass: null , org.apache.kafka.connect.cli.ConnectStandalone.main-error Superclass: null ]"
ACTUAL TASKS : {},"[org.apache.kafka.trogdor.common.ExpectedTasks.waitFor-info Superclass: null , org.apache.kafka.trogdor.common.ExpectedTasks.conditionMet-info Superclass: null ]"